-- MySQL dump 10.13  Distrib 5.5.62, for Win64 (AMD64)
--
-- Host: 127.0.0.1    Database: vk
-- ------------------------------------------------------
-- Server version	8.0.22-0ubuntu0.20.04.2

/*!40101 SET @OLD_CHARACTER_SET_CLIENT=@@CHARACTER_SET_CLIENT */;
/*!40101 SET @OLD_CHARACTER_SET_RESULTS=@@CHARACTER_SET_RESULTS */;
/*!40101 SET @OLD_COLLATION_CONNECTION=@@COLLATION_CONNECTION */;
/*!40101 SET NAMES utf8 */;
/*!40103 SET @OLD_TIME_ZONE=@@TIME_ZONE */;
/*!40103 SET TIME_ZONE='+00:00' */;
/*!40014 SET @OLD_UNIQUE_CHECKS=@@UNIQUE_CHECKS, UNIQUE_CHECKS=0 */;
/*!40014 SET @OLD_FOREIGN_KEY_CHECKS=@@FOREIGN_KEY_CHECKS, FOREIGN_KEY_CHECKS=0 */;
/*!40101 SET @OLD_SQL_MODE=@@SQL_MODE, SQL_MODE='NO_AUTO_VALUE_ON_ZERO' */;
/*!40111 SET @OLD_SQL_NOTES=@@SQL_NOTES, SQL_NOTES=0 */;

--
-- Table structure for table `communities`
--

DROP TABLE IF EXISTS `communities`;
/*!40101 SET @saved_cs_client     = @@character_set_client */;
/*!40101 SET character_set_client = utf8 */;
CREATE TABLE `communities` (
  `id` int unsigned NOT NULL AUTO_INCREMENT COMMENT 'Идентификатор группы',
  `name` varchar(150) CHARACTER SET utf8 COLLATE utf8_unicode_ci NOT NULL COMMENT 'Название группы',
  `created_at` datetime DEFAULT CURRENT_TIMESTAMP COMMENT 'Время создания записи',
  `updated_at` datetime DEFAULT CURRENT_TIMESTAMP ON UPDATE CURRENT_TIMESTAMP COMMENT 'Время обновления записи',
  PRIMARY KEY (`id`),
  UNIQUE KEY `name` (`name`)
) ENGINE=InnoDB AUTO_INCREMENT=101 DEFAULT CHARSET=utf8 COLLATE=utf8_unicode_ci COMMENT='Группы';
/*!40101 SET character_set_client = @saved_cs_client */;

--
-- Dumping data for table `communities`
--

LOCK TABLES `communities` WRITE;
/*!40000 ALTER TABLE `communities` DISABLE KEYS */;
INSERT INTO `communities` VALUES (1,'Harum tenetur cum amet possimus.','2002-04-27 09:42:52','2018-01-17 07:53:51'),(2,'Amet voluptatem molestiae et ut.','1996-11-27 14:31:11','1977-01-24 17:25:19'),(3,'Et id velit tempora velit.','1990-02-24 03:11:49','1973-06-08 17:36:21'),(4,'Totam est magni a minus praesentium.','2013-07-30 10:31:55','2005-05-14 03:34:48'),(5,'Sint atque nihil quis qui.','1999-06-17 20:30:16','2013-04-07 05:05:38'),(6,'Dignissimos aut aliquid dignissimos est natus saepe eum.','1982-04-29 17:39:32','1995-04-08 21:00:28'),(7,'Maxime maiores atque vitae et.','1974-08-03 13:25:25','2013-05-15 23:17:07'),(8,'Iste autem facere rerum quia.','1971-01-16 02:29:06','1996-09-10 01:59:01'),(9,'Maxime suscipit temporibus exercitationem placeat.','2003-07-28 23:20:09','1992-01-11 23:09:06'),(10,'Occaecati repudiandae earum odit iure.','1972-11-13 06:12:12','2005-04-20 10:26:06'),(11,'Ab similique asperiores laudantium totam atque voluptatibus.','1985-07-05 16:09:12','1994-04-11 06:34:06'),(12,'Distinctio natus atque cupiditate sed.','1981-02-06 04:36:49','2008-12-17 07:22:28'),(13,'Expedita quo accusantium est praesentium dolorem.','1987-05-29 13:33:22','2005-09-19 17:09:41'),(14,'Laboriosam dicta soluta eaque voluptates voluptatibus in itaque sequi.','1974-10-05 07:55:52','2010-06-27 21:19:22'),(15,'Dolor et porro necessitatibus odio ut commodi.','2007-04-27 03:18:34','1999-10-26 20:41:27'),(16,'Error sit vel et animi nostrum ad.','2009-11-03 21:43:53','1991-01-28 20:13:07'),(17,'Tempore perspiciatis voluptates tenetur fugit dolore.','1979-03-13 21:24:42','2008-07-28 10:23:24'),(18,'Ex omnis aut adipisci sint tempore minus.','2008-03-23 15:41:41','1997-11-07 11:39:08'),(19,'Sit sit exercitationem maiores reiciendis est.','1988-04-01 07:45:28','1979-10-20 16:35:57'),(20,'Aut quisquam vitae neque ducimus est eum recusandae incidunt.','1978-04-07 10:03:50','1980-12-06 22:21:53'),(21,'Ut aut voluptate deleniti saepe explicabo aut.','2019-04-10 14:50:32','2005-06-01 22:06:36'),(22,'Cum sapiente facere velit nihil maiores.','2004-04-02 13:33:31','2011-08-11 00:41:19'),(23,'Corporis veritatis dolores et et laboriosam voluptas dolores qui.','2016-05-09 19:26:02','2010-05-11 22:38:02'),(24,'Aliquid vero amet esse ullam sed minus.','1998-10-18 01:32:53','1978-06-21 14:28:51'),(25,'Porro ullam molestias vel non et quis eos.','1975-02-14 07:08:58','1972-10-29 08:12:27'),(26,'Itaque est in delectus ex incidunt.','2004-02-20 06:50:01','2005-05-02 08:21:04'),(27,'Magni impedit iure amet quidem sit omnis quia.','1977-05-18 09:59:32','1988-04-12 08:16:04'),(28,'Delectus accusantium rerum rerum.','1998-08-09 16:32:08','2016-12-31 11:25:54'),(29,'Facere quia eveniet sunt esse.','1988-04-01 09:24:54','1992-03-11 06:53:16'),(30,'Voluptatem quidem sint ut quia non ut.','2020-09-04 07:03:43','1999-12-30 03:15:33'),(31,'Aut illo mollitia quidem accusamus voluptas.','2014-02-10 08:26:36','1977-03-10 07:42:47'),(32,'Iste nihil est modi neque exercitationem ducimus in necessitatibus.','1988-11-23 09:31:28','2008-04-14 03:02:19'),(33,'Dignissimos quo sed sed cum et dolorum.','1992-09-16 04:41:17','1994-04-25 19:17:54'),(34,'Impedit deserunt cum voluptatum illo repellat sapiente atque quia.','2002-02-13 21:55:51','1972-12-08 06:36:17'),(35,'Aut quae ipsam deleniti dignissimos sunt perspiciatis.','2014-12-21 11:15:47','1973-01-09 15:03:28'),(36,'Vel accusamus sit aut ex velit.','1973-06-18 18:03:36','1984-10-24 18:12:10'),(37,'Commodi nulla voluptates est sint ut voluptas voluptatem debitis.','2003-02-05 00:27:40','1985-05-04 12:57:39'),(38,'Veritatis dolore amet debitis ut non vitae facere dicta.','1988-08-06 15:16:05','1985-04-05 13:23:58'),(39,'Voluptatem quasi sit nihil debitis nobis odit quo.','2011-03-22 15:05:25','2017-10-25 02:02:56'),(40,'Odit deserunt voluptates minus molestias ut ut voluptatem.','1994-03-24 18:27:16','1992-02-02 14:48:11'),(41,'Quidem ducimus dolorem ipsum iste et tempora culpa.','1984-05-23 12:14:27','2017-01-01 02:18:09'),(42,'Reprehenderit provident ipsam vitae quas magnam id ut.','2016-07-30 01:42:14','1994-03-26 15:22:57'),(43,'Fuga tempora officia quod.','2002-05-18 16:33:27','2003-05-11 09:00:14'),(44,'Autem quo veritatis id incidunt dolorem.','2003-03-01 19:32:51','1980-06-06 15:33:05'),(45,'Quae enim eos non assumenda.','2009-07-04 06:49:07','1993-05-17 06:16:43'),(46,'Ab numquam dolore aut facere.','1996-05-17 22:27:19','1985-04-25 10:34:40'),(47,'Est assumenda minima sunt non vero molestiae repudiandae.','1976-04-01 22:01:36','1989-08-24 00:34:56'),(48,'Illo consequatur modi ad aperiam rerum qui quasi.','2011-08-26 13:52:15','1984-07-19 06:44:30'),(49,'Non blanditiis sequi aperiam error.','1970-09-24 06:16:41','1975-11-21 21:44:57'),(50,'Pariatur dignissimos dolores magnam deserunt.','2009-10-25 23:18:25','1971-08-01 16:02:01'),(51,'Quam maiores sit voluptas id velit qui est.','2002-07-06 17:05:19','1981-10-07 08:32:28'),(52,'Ullam numquam totam aliquam distinctio.','1983-03-10 22:38:26','2015-08-30 11:13:24'),(53,'Molestiae veniam ratione alias molestias illum magni.','2010-05-19 07:04:16','1995-12-18 12:26:15'),(54,'Accusamus consequuntur numquam enim qui laborum animi reiciendis illo.','1992-03-20 01:51:48','2017-12-08 01:16:50'),(55,'Cupiditate nemo sed qui quod dolores nihil earum voluptatum.','2002-06-19 12:34:36','2007-12-17 12:56:13'),(56,'Excepturi est ut quod voluptatem.','1975-08-22 03:32:36','1991-04-07 13:39:21'),(57,'Molestiae sit eaque numquam deserunt voluptatem.','2020-03-28 09:37:19','1975-09-11 02:18:50'),(58,'Consequatur animi incidunt ullam sapiente.','2003-06-13 22:04:27','1994-03-14 01:31:08'),(59,'Vel repellat laborum neque doloremque aspernatur adipisci.','1973-02-22 09:13:20','2007-11-24 16:45:31'),(60,'Laboriosam ea sit quia ducimus eos.','1996-04-08 18:23:56','2003-02-13 03:50:47'),(61,'Quis eius rerum et rem repudiandae.','2012-04-25 18:44:31','2015-10-29 07:07:27'),(62,'Quae atque voluptatem autem beatae iusto consequatur.','1993-03-16 01:57:39','1979-01-08 00:51:39'),(63,'Suscipit aut reprehenderit in aliquam.','2010-06-01 07:53:45','2002-05-24 07:15:46'),(64,'Dignissimos neque in velit omnis et culpa nisi velit.','1989-06-26 14:29:59','2008-11-26 17:06:17'),(65,'Et laborum rerum qui incidunt.','1996-08-17 08:30:59','1992-07-07 08:32:39'),(66,'Et perspiciatis eum vel aliquid ea.','2012-12-05 20:34:33','1996-08-29 22:11:26'),(67,'Voluptatum quaerat quibusdam aperiam beatae est velit eligendi.','2003-02-05 13:17:06','1978-12-02 11:48:55'),(68,'Repellat eum distinctio cumque ipsam enim.','1991-10-28 10:58:32','2009-12-27 05:07:10'),(69,'Tempore voluptatem sed sit.','1987-04-13 11:09:33','1994-03-04 07:46:02'),(70,'Ullam necessitatibus fugit perspiciatis autem dolores voluptatum.','2005-08-06 03:14:30','1975-11-02 10:58:33'),(71,'Quos sit quae aperiam autem a.','2019-05-21 12:40:37','1991-08-15 14:58:17'),(72,'Ipsum qui dolorem blanditiis occaecati modi officia.','1989-08-22 22:36:54','1983-10-07 12:16:05'),(73,'Ad repellendus rerum officiis quia.','2013-06-18 01:11:59','2019-05-27 15:02:57'),(74,'Minus repellat consectetur veritatis facere natus.','1993-06-04 07:19:40','2003-06-11 05:39:53'),(75,'Est ad voluptatem eveniet.','2008-03-15 12:07:56','2016-04-02 10:10:05'),(76,'Dolor non asperiores ullam quisquam sunt ipsam occaecati quam.','2008-09-01 20:53:20','2017-07-23 10:58:17'),(77,'Qui occaecati quia iusto fuga autem maiores.','1995-01-13 07:58:29','1975-01-17 19:11:12'),(78,'Architecto porro necessitatibus sequi fuga officiis mollitia.','2019-05-19 04:02:49','2016-04-18 10:35:56'),(79,'Et atque atque reprehenderit.','1988-03-02 18:30:01','1987-02-02 12:59:48'),(80,'Dolor aut molestias itaque rerum.','1982-09-10 16:05:02','2013-02-07 22:15:22'),(81,'Sed suscipit asperiores veritatis voluptas molestias mollitia.','1996-12-15 16:16:55','2005-06-21 17:27:34'),(82,'Consequatur nobis consequatur laudantium sunt saepe architecto.','1994-01-10 18:58:15','2009-11-21 02:50:57'),(83,'Qui atque est quo nemo quia eos repudiandae.','1993-05-16 14:03:34','2016-12-17 02:32:05'),(84,'Consequatur impedit est incidunt ut dolorum.','1986-11-27 17:30:56','1979-02-16 16:46:11'),(85,'Aliquid molestias quis et ea.','2015-03-08 17:31:46','1999-10-15 02:12:36'),(86,'Est voluptatum quam a quidem enim consequuntur.','2001-02-14 22:47:50','1971-02-27 08:18:54'),(87,'Non et repellat et voluptatem minus asperiores pariatur et.','2003-02-02 22:24:02','1980-11-13 22:16:38'),(88,'Cupiditate veritatis quia architecto laudantium quam numquam.','2019-04-29 22:43:45','1986-07-19 10:28:38'),(89,'Velit nobis nisi atque.','1991-07-02 10:49:02','2004-12-05 05:11:05'),(90,'Dolor vero in recusandae.','1980-09-05 19:20:01','2006-12-19 10:00:31'),(91,'Id accusamus cum ut dolores mollitia.','2020-08-15 01:10:12','1982-10-06 03:20:02'),(92,'Atque voluptas natus non officia officia delectus odio.','1979-12-19 05:56:31','1974-10-24 13:15:07'),(93,'Quisquam nulla quia in et.','1985-08-04 19:33:45','2018-05-21 00:41:17'),(94,'Qui itaque cum laborum dolor eaque.','1990-02-08 16:09:50','1999-12-18 01:58:35'),(95,'Saepe consequatur omnis et ut pariatur aut sequi.','2004-11-09 06:16:52','2018-03-21 18:12:31'),(96,'Eum voluptatem dicta nostrum molestiae laborum.','1979-05-13 23:03:54','2014-03-03 15:08:59'),(97,'Est voluptatum eaque officiis est modi natus est.','2005-06-07 23:08:41','1999-04-13 22:55:44'),(98,'Totam maxime quo ipsam.','1982-05-07 21:14:59','1990-07-03 14:13:07'),(99,'A unde voluptas officia.','2011-07-28 22:36:07','1985-05-14 08:12:12'),(100,'Aperiam consectetur cumque ratione.','1992-12-21 00:56:46','2007-05-30 22:07:39');
/*!40000 ALTER TABLE `communities` ENABLE KEYS */;
UNLOCK TABLES;

--
-- Table structure for table `communities_users`
--

DROP TABLE IF EXISTS `communities_users`;
/*!40101 SET @saved_cs_client     = @@character_set_client */;
/*!40101 SET character_set_client = utf8 */;
CREATE TABLE `communities_users` (
  `community_id` int unsigned NOT NULL COMMENT 'Ссылка на группу',
  `user_id` int unsigned NOT NULL COMMENT 'Ссылка на пользователя',
  `created_at` datetime DEFAULT CURRENT_TIMESTAMP COMMENT 'Время создания строки',
  PRIMARY KEY (`community_id`,`user_id`) COMMENT 'Составной первичный ключ'
) ENGINE=InnoDB DEFAULT CHARSET=utf8 COLLATE=utf8_unicode_ci COMMENT='Участники групп, связь между пользователями и группами';
/*!40101 SET character_set_client = @saved_cs_client */;

--
-- Dumping data for table `communities_users`
--

LOCK TABLES `communities_users` WRITE;
/*!40000 ALTER TABLE `communities_users` DISABLE KEYS */;
INSERT INTO `communities_users` VALUES (1,1,'1993-12-14 04:17:00'),(2,2,'1994-01-05 23:49:22'),(3,3,'1978-02-19 07:44:12'),(4,4,'1973-06-26 18:05:38'),(5,5,'1990-05-03 05:40:52'),(6,6,'1989-01-17 14:10:13'),(7,7,'2001-11-01 11:19:19'),(8,8,'2018-04-17 21:39:43'),(9,9,'2004-04-24 16:28:13'),(10,10,'2005-04-02 14:40:12'),(11,11,'2011-01-15 22:03:59'),(12,12,'1981-08-04 02:53:29'),(13,13,'2016-12-07 21:13:06'),(14,14,'1993-09-13 09:37:42'),(15,15,'1983-04-29 02:00:20'),(16,16,'1989-08-13 14:52:50'),(17,17,'1975-01-21 08:16:55'),(18,18,'1974-08-13 08:46:10'),(19,19,'1993-12-05 05:46:52'),(20,20,'1986-12-18 05:55:30'),(21,21,'2001-12-15 20:42:56'),(22,22,'1992-07-24 14:12:47'),(23,23,'1991-07-13 01:39:59'),(24,24,'1977-07-27 07:43:49'),(25,25,'1987-12-21 23:11:38'),(26,26,'1975-11-16 12:07:15'),(27,27,'2004-08-24 11:10:06'),(28,28,'1977-02-02 15:27:05'),(29,29,'1977-02-03 18:14:05'),(30,30,'1981-12-14 10:30:04'),(31,31,'2017-03-11 23:25:14'),(32,32,'2009-12-22 00:33:36'),(33,33,'1980-02-15 09:42:27'),(34,34,'1999-03-24 04:17:34'),(35,35,'1997-07-14 19:03:12'),(36,36,'1993-02-21 08:43:37'),(37,37,'1978-09-28 00:37:18'),(38,38,'2012-03-30 09:29:21'),(39,39,'2012-06-24 04:35:35'),(40,40,'1984-12-03 15:00:22'),(41,41,'1984-05-25 21:05:36'),(42,42,'2016-06-30 00:17:26'),(43,43,'1988-05-18 04:24:49'),(44,44,'2000-07-18 17:51:44'),(45,45,'1982-07-19 19:29:30'),(46,46,'1998-05-11 01:12:25'),(47,47,'1984-11-14 14:29:25'),(48,48,'1979-10-13 02:22:19'),(49,49,'1995-11-08 12:36:33'),(50,50,'1986-09-02 11:23:10'),(51,51,'1978-01-20 12:59:43'),(52,52,'2003-10-09 16:30:01'),(53,53,'1996-12-18 19:04:16'),(54,54,'1976-12-28 20:40:47'),(55,55,'1995-12-16 21:19:54'),(56,56,'2011-12-22 00:09:39'),(57,57,'1993-01-29 10:17:35'),(58,58,'2018-07-20 11:44:10'),(59,59,'1974-02-14 02:37:42'),(60,60,'2005-11-23 23:48:21'),(61,61,'1987-06-03 04:07:46'),(62,62,'2011-06-04 15:54:33'),(63,63,'2003-03-10 05:52:28'),(64,64,'1977-02-07 22:26:37'),(65,65,'1997-09-03 21:19:15'),(66,66,'2019-12-14 07:16:14'),(67,67,'1989-05-12 22:29:37'),(68,68,'1977-01-05 18:05:15'),(69,69,'2008-01-04 03:43:08'),(70,70,'1983-07-13 22:13:58'),(71,71,'1988-05-13 17:39:23'),(72,72,'1991-03-27 05:18:22'),(73,73,'2003-08-18 13:48:16'),(74,74,'2018-05-24 10:57:26'),(75,75,'1996-01-06 14:09:30'),(76,76,'1983-07-04 21:51:05'),(77,77,'1995-03-19 19:05:18'),(78,78,'1991-10-22 06:17:21'),(79,79,'1975-05-11 14:34:50'),(80,80,'2003-12-12 04:28:55'),(81,81,'2014-12-07 09:50:50'),(82,82,'1992-04-29 01:17:48'),(83,83,'1993-10-03 15:09:25'),(84,84,'1980-06-06 12:01:11'),(85,85,'1979-10-08 10:34:29'),(86,86,'2011-10-21 11:16:04'),(87,87,'2020-04-26 03:22:32'),(88,88,'1990-05-02 19:25:16'),(89,89,'1999-07-14 10:21:54'),(90,90,'1984-03-26 22:26:51'),(91,91,'2000-08-16 07:06:52'),(92,92,'2009-08-20 02:48:55'),(93,93,'2010-10-20 11:05:06'),(94,94,'2007-07-21 17:17:37'),(95,95,'2011-01-17 22:45:20'),(96,96,'1973-09-09 23:26:01'),(97,97,'1970-02-06 12:06:21'),(98,98,'2006-06-19 12:32:57'),(99,99,'1990-07-20 20:11:54'),(100,100,'1987-07-22 16:27:10');
/*!40000 ALTER TABLE `communities_users` ENABLE KEYS */;
UNLOCK TABLES;

--
-- Table structure for table `countries`
--

DROP TABLE IF EXISTS `countries`;
/*!40101 SET @saved_cs_client     = @@character_set_client */;
/*!40101 SET character_set_client = utf8 */;
CREATE TABLE `countries` (
  `id` bigint unsigned NOT NULL AUTO_INCREMENT COMMENT 'Идентификатор строки',
  `name` varchar(100) NOT NULL COMMENT 'Название страны',
  `created_at` datetime NOT NULL DEFAULT CURRENT_TIMESTAMP COMMENT 'Время создания строки',
  `updated_at` datetime DEFAULT CURRENT_TIMESTAMP ON UPDATE CURRENT_TIMESTAMP COMMENT 'Время обновления строки',
  PRIMARY KEY (`id`),
  UNIQUE KEY `id` (`id`)
) ENGINE=InnoDB AUTO_INCREMENT=244 DEFAULT CHARSET=utf8mb4 COLLATE=utf8mb4_0900_ai_ci COMMENT='Справочник стран';
/*!40101 SET character_set_client = @saved_cs_client */;

--
-- Dumping data for table `countries`
--

LOCK TABLES `countries` WRITE;
/*!40000 ALTER TABLE `countries` DISABLE KEYS */;
INSERT INTO `countries` VALUES (1,'Panama','1989-09-16 20:46:02','1974-01-25 02:57:58'),(2,'Slovakia (Slovak Republic)','1979-07-21 17:21:37','2006-11-23 02:15:04'),(3,'Brunei Darussalam','2020-02-18 05:14:15','1972-09-18 11:01:21'),(4,'Pakistan','2000-10-26 00:55:37','2001-01-14 23:45:35'),(5,'Syrian Arab Republic','2010-12-31 03:18:18','1983-06-29 01:11:22'),(6,'British Virgin Islands','1987-10-11 08:30:36','1970-12-01 08:36:23'),(7,'Kiribati','2008-08-10 17:50:31','1988-08-05 14:50:35'),(8,'Nicaragua','2006-03-16 18:28:12','2014-01-08 18:32:32'),(9,'South Africa','1970-03-26 08:41:17','2003-10-06 16:52:35'),(10,'United States Virgin Islands','2005-07-29 08:40:34','1991-04-30 16:18:31'),(11,'India','1972-06-24 22:24:14','1980-04-17 15:25:51'),(12,'Ghana','2014-03-16 01:01:03','1999-03-31 09:48:34'),(13,'Iceland','2013-07-28 16:13:09','2019-11-11 10:36:53'),(14,'Canada','2005-12-10 22:36:09','2015-01-10 20:25:06'),(15,'French Southern Territories','1993-10-22 09:19:49','1979-12-09 00:49:58'),(16,'Zimbabwe','1991-02-17 10:13:04','1971-12-06 16:12:29'),(17,'Hong Kong','1999-01-28 21:32:37','1995-05-25 10:03:11'),(18,'Liberia','1972-04-18 02:59:20','1979-07-29 09:15:22'),(19,'Kenya','2008-12-05 22:19:45','2011-01-17 17:19:56'),(20,'Belize','2012-01-22 08:29:31','2010-04-09 02:17:18'),(21,'Macedonia','2016-03-22 19:41:50','1992-10-06 14:33:31'),(22,'Georgia','1978-12-07 22:51:24','2003-09-02 16:46:07'),(23,'Brunei Darussalam','2003-01-27 01:01:50','1992-10-25 19:17:31'),(24,'Guinea','1981-03-22 20:11:07','1994-11-22 21:59:26'),(25,'Angola','2016-03-18 17:35:14','2001-11-16 15:10:19'),(26,'Russian Federation','2014-09-25 22:24:40','1996-06-19 16:47:38'),(27,'Senegal','2013-05-29 03:28:51','2012-08-27 13:43:30'),(28,'Turks and Caicos Islands','2006-04-20 06:25:29','2003-01-31 17:31:55'),(29,'Norway','1985-11-19 14:14:32','2001-11-30 20:49:46'),(30,'Eritrea','2006-08-11 21:53:19','1973-02-04 15:04:53'),(31,'Western Sahara','1980-03-18 20:21:05','2018-02-26 23:38:16'),(32,'Singapore','1995-12-04 07:22:44','1974-01-15 07:55:02'),(33,'Nigeria','2015-07-19 05:48:43','1989-01-23 22:09:01'),(34,'Saint Martin','2008-12-24 23:58:14','1988-05-16 07:16:25'),(35,'Barbados','2013-07-28 08:46:06','1980-05-20 22:18:23'),(36,'New Zealand','2013-03-07 06:34:01','2008-02-29 02:53:29'),(37,'Austria','2000-04-01 19:01:00','1985-03-24 21:54:09'),(38,'Afghanistan','1982-08-10 21:17:50','1971-08-06 15:05:52'),(39,'Norway','1986-11-24 12:13:55','1979-12-12 06:50:56'),(40,'Bahamas','2013-10-16 23:50:20','1989-10-28 13:00:18'),(41,'Nauru','2007-09-12 11:26:20','1992-02-07 08:03:30'),(42,'Romania','1977-12-14 02:51:45','1995-06-30 05:41:29'),(43,'Morocco','2010-07-22 23:42:18','1971-05-06 22:22:24'),(44,'Uruguay','1985-04-21 05:46:58','1988-02-18 13:39:02'),(45,'Christmas Island','2018-08-26 18:32:20','2011-07-14 03:48:40'),(46,'Bahamas','1995-08-27 12:08:11','1980-03-07 08:07:22'),(47,'South Georgia and the South Sandwich Islands','2002-02-04 09:30:25','1995-12-04 10:53:32'),(48,'Bulgaria','2003-06-16 10:02:36','1982-05-12 00:39:47'),(49,'Haiti','1977-09-18 04:11:50','1981-12-12 23:56:44'),(50,'Somalia','2018-05-01 00:16:49','1993-03-28 17:30:09'),(51,'Aruba','2007-07-13 11:12:47','1992-12-27 01:13:06'),(52,'Austria','1989-10-27 15:39:24','1980-07-05 06:18:56'),(53,'Madagascar','1986-01-06 05:22:50','2003-10-01 05:10:39'),(54,'Jamaica','2018-09-20 12:15:25','2010-11-22 00:02:24'),(55,'Mozambique','2008-04-16 01:41:15','2000-02-15 00:53:23'),(56,'Bhutan','1999-02-04 22:25:16','1981-03-02 23:43:46'),(57,'Saint Barthelemy','2016-04-11 09:03:30','2018-03-14 08:58:36'),(58,'Belgium','2020-06-23 14:18:13','1997-09-27 11:46:54'),(59,'United States Minor Outlying Islands','1972-11-18 11:51:58','2004-04-30 18:03:09'),(60,'Italy','2016-05-31 02:42:12','1979-07-25 08:01:08'),(61,'Belize','1982-05-11 12:17:26','1993-11-22 15:21:16'),(62,'Burundi','1993-02-21 21:02:41','2014-08-27 06:41:18'),(63,'Guinea-Bissau','1982-05-13 15:14:57','1989-06-05 17:53:58'),(64,'Svalbard & Jan Mayen Islands','2020-02-07 14:08:02','2003-07-07 23:48:18'),(65,'Zambia','2009-02-18 15:02:37','1995-05-06 22:18:42'),(66,'Georgia','1998-12-08 14:15:23','2011-04-19 07:09:00'),(67,'Russian Federation','1985-10-17 09:47:53','1996-12-23 00:35:24'),(68,'Serbia','2003-07-06 11:56:23','2019-04-09 19:17:15'),(69,'Liechtenstein','1983-10-02 08:50:47','2005-05-04 22:30:19'),(70,'Bahamas','2017-08-24 10:27:28','1977-12-24 20:48:20'),(71,'Germany','1994-06-05 16:30:10','1989-09-06 20:58:50'),(72,'American Samoa','2010-01-24 20:39:48','1987-06-22 05:10:47'),(73,'Bhutan','1991-09-09 17:14:36','1977-04-10 07:21:59'),(74,'Heard Island and McDonald Islands','1996-11-06 06:08:23','1980-08-07 17:54:07'),(75,'Reunion','1998-05-18 15:12:59','2000-03-23 07:03:42'),(76,'Antigua and Barbuda','1985-01-14 22:25:05','2011-03-04 19:03:52'),(77,'Poland','1973-03-29 22:32:22','2018-11-29 07:34:46'),(78,'Puerto Rico','1994-02-19 09:20:15','2019-07-20 13:39:36'),(79,'Christmas Island','2002-09-15 07:36:03','2006-05-24 19:30:27'),(80,'Ukraine','2004-06-15 08:38:41','2010-11-06 09:54:59'),(81,'French Southern Territories','2018-11-30 07:31:35','1979-07-16 22:14:05'),(82,'Romania','2013-09-03 04:45:16','1996-05-25 09:39:45'),(83,'Turkmenistan','1994-04-06 19:20:12','1990-03-30 22:37:17'),(84,'Niue','1995-03-12 03:06:31','1975-03-07 10:28:57'),(85,'Cuba','1976-01-20 10:19:41','2016-11-29 03:06:58'),(86,'Kiribati','1980-03-05 11:33:37','1990-04-16 15:35:56'),(87,'Palau','2014-03-25 13:25:40','2000-10-05 14:28:35'),(88,'Costa Rica','1995-05-31 17:21:46','1999-03-26 07:09:48'),(89,'Latvia','1978-02-25 07:55:09','1997-12-30 10:10:07'),(90,'Guyana','1971-08-06 05:17:52','2016-05-17 05:18:26'),(91,'Western Sahara','1985-07-14 09:18:49','2002-04-09 05:47:07'),(92,'Thailand','2012-01-09 18:22:55','1983-09-10 21:20:40'),(93,'Heard Island and McDonald Islands','2008-03-03 11:39:36','2000-06-09 19:23:38'),(94,'Philippines','2001-01-14 02:52:18','1984-01-22 19:38:34'),(95,'Macedonia','2017-01-28 21:56:12','1994-11-06 18:16:26'),(96,'Chad','2003-05-21 18:00:33','1978-05-06 16:44:43'),(97,'Barbados','1998-05-30 04:50:47','2016-03-10 02:17:38'),(98,'Cayman Islands','1972-01-28 15:38:48','1979-09-30 07:43:33'),(99,'Tuvalu','1991-12-10 23:08:32','2003-11-17 09:52:43'),(100,'Saint Martin','1983-04-28 04:27:45','1984-03-28 11:55:59'),(101,'Slovenia','2009-03-22 17:54:14','1975-02-20 08:02:16'),(102,'Ecuador','1971-01-23 09:04:07','2016-03-04 12:23:15'),(103,'Netherlands','1988-11-30 03:31:51','1989-03-26 16:47:49'),(104,'Gambia','2018-07-27 23:02:50','1983-02-02 00:38:13'),(105,'Honduras','2019-06-05 21:00:17','1993-06-09 09:13:32'),(106,'Azerbaijan','2013-11-17 08:38:25','1998-03-01 13:16:21'),(107,'Northern Mariana Islands','1979-05-16 20:21:12','1971-04-11 08:34:08'),(108,'British Virgin Islands','2006-05-25 16:07:20','2006-01-02 09:38:38'),(109,'Cook Islands','2016-05-26 05:42:12','2001-12-04 03:02:40'),(110,'Georgia','2007-06-22 20:15:11','1988-08-22 15:52:00'),(111,'Tuvalu','1975-11-07 05:07:08','1994-08-05 01:55:53'),(112,'Myanmar','1988-09-07 10:40:28','2001-04-01 19:59:06'),(113,'Bahrain','1984-08-15 06:02:36','2003-10-29 02:21:24'),(114,'Iraq','2007-04-14 13:39:06','2018-11-07 04:49:32'),(115,'Bulgaria','1998-10-14 01:37:56','2019-12-02 19:02:38'),(116,'Hong Kong','1979-05-02 08:19:44','2004-08-23 10:31:34'),(117,'Gibraltar','2007-10-08 06:45:48','2013-05-10 13:47:08'),(118,'South Georgia and the South Sandwich Islands','1984-10-31 02:50:35','2015-06-29 00:55:38'),(119,'Croatia','1987-11-18 16:05:43','1979-03-17 22:42:36'),(120,'Czech Republic','1996-09-10 21:13:32','1985-11-08 20:13:10'),(121,'Puerto Rico','2012-10-18 13:36:01','2016-08-21 12:01:46'),(122,'Germany','2009-02-15 17:19:17','1997-06-08 11:26:50'),(123,'Paraguay','2010-11-19 09:46:13','2018-04-07 00:22:19'),(124,'Montenegro','1989-11-02 03:33:38','1995-07-27 06:01:45'),(125,'Thailand','1976-02-17 23:40:37','2012-08-11 21:17:38'),(126,'Sudan','1973-05-24 22:41:13','1991-07-03 01:38:26'),(127,'Montenegro','2003-09-10 05:58:43','1997-11-26 09:39:49'),(128,'Grenada','1979-08-15 14:54:26','1983-10-19 00:31:15'),(129,'Yemen','1971-02-07 02:42:03','1972-11-20 07:11:08'),(130,'Russian Federation','1981-06-12 17:36:19','2002-03-05 01:23:09'),(131,'Switzerland','1999-11-08 06:04:13','1984-09-02 20:54:06'),(132,'Mali','1978-03-16 18:23:45','1985-01-08 08:30:19'),(133,'Fiji','2009-02-11 04:19:23','2012-02-22 02:56:35'),(134,'Marshall Islands','1980-06-22 20:04:06','1986-04-01 11:45:40'),(135,'Antarctica (the territory South of 60 deg S)','1982-05-15 19:01:43','1989-05-01 02:53:35'),(136,'Guatemala','1978-03-11 18:56:23','1972-12-08 06:00:44'),(137,'American Samoa','1999-04-04 12:25:01','1986-01-23 02:36:34'),(138,'Turkmenistan','1980-04-25 21:04:15','2008-08-01 11:17:43'),(139,'Canada','2008-05-13 17:16:04','1971-06-28 05:20:06'),(140,'Jordan','1978-07-10 09:30:13','2005-07-31 17:34:53'),(141,'Saint Vincent and the Grenadines','1975-10-16 09:20:20','1996-03-08 02:23:36'),(142,'Cuba','1970-11-19 00:34:50','1999-09-20 21:20:58'),(143,'Zimbabwe','2004-07-26 00:49:16','1974-04-06 21:29:49'),(144,'Slovenia','1989-01-21 07:20:19','1974-02-06 00:21:11'),(145,'Equatorial Guinea','1984-04-02 10:58:55','2009-10-06 00:42:32'),(146,'Egypt','1980-01-03 13:45:24','1997-10-30 08:41:35'),(147,'Falkland Islands (Malvinas)','1971-04-08 18:22:14','2020-08-30 10:56:50'),(148,'Ghana','1989-12-12 20:44:46','1998-11-14 18:53:04'),(149,'Samoa','1970-05-19 05:39:58','1998-09-04 00:54:28'),(150,'Svalbard & Jan Mayen Islands','2003-11-08 20:24:22','1993-01-28 09:44:04'),(151,'Madagascar','2000-07-17 05:04:16','1970-03-17 18:55:58'),(152,'Uganda','1997-03-26 18:35:53','2005-02-05 19:47:59'),(153,'Paraguay','2018-08-23 18:22:38','1994-06-10 23:19:01'),(154,'Micronesia','2018-08-11 00:50:35','2018-08-31 02:43:23'),(155,'Andorra','1978-06-17 09:45:45','2006-02-07 08:16:49'),(156,'Korea','1970-10-11 00:21:39','1971-10-17 22:54:31'),(157,'Botswana','2006-10-22 05:55:05','1987-10-29 12:24:04'),(158,'Malta','2013-10-04 03:22:13','2001-01-31 21:40:29'),(159,'Mauritania','1976-04-26 02:42:11','1994-12-18 15:04:53'),(160,'Morocco','2006-06-14 09:35:24','2000-02-26 11:05:56'),(161,'Guyana','2004-09-26 00:42:14','1975-06-12 05:00:09'),(162,'Tajikistan','2005-10-07 10:00:05','1977-03-07 17:29:34'),(163,'Liechtenstein','2007-10-06 03:19:27','1989-06-23 14:34:55'),(164,'Benin','2007-10-25 17:53:25','2002-04-24 13:38:33'),(165,'Guernsey','1992-08-06 12:51:31','1988-01-14 05:50:23'),(166,'Libyan Arab Jamahiriya','2017-04-29 02:52:06','1979-09-17 08:52:46'),(167,'Guernsey','1970-11-17 10:40:14','2013-01-29 11:28:51'),(168,'El Salvador','1970-02-25 07:34:06','2002-09-13 18:41:27'),(169,'Tunisia','2007-12-29 16:45:29','1985-07-30 11:09:22'),(170,'Niue','2002-03-26 01:47:50','2017-04-29 07:46:28'),(171,'Somalia','2004-03-30 03:59:38','1999-01-08 01:47:46'),(172,'Poland','1990-05-13 13:10:15','2012-07-26 19:39:48'),(173,'Cambodia','2015-10-22 18:25:48','1973-04-29 13:35:51'),(174,'Holy See (Vatican City State)','2006-08-16 19:08:48','2007-07-01 14:49:26'),(175,'Mauritius','1991-05-12 18:57:48','2020-09-07 05:50:41'),(176,'Somalia','2008-12-13 09:58:56','2019-04-24 16:54:18'),(177,'Portugal','2014-11-24 08:55:19','1975-04-25 00:41:11'),(178,'Malawi','1984-01-04 01:05:25','2015-07-09 07:20:15'),(179,'Reunion','1983-08-08 09:28:12','2001-08-03 22:34:40'),(180,'Jersey','1989-04-09 14:35:45','2010-07-30 08:49:47'),(181,'Aruba','2011-11-21 16:35:03','1981-10-18 13:15:05'),(182,'Timor-Leste','2002-05-31 00:31:01','1978-10-04 12:59:00'),(183,'Tanzania','2008-10-11 06:00:06','2015-12-28 07:41:51'),(184,'Saint Pierre and Miquelon','1998-03-03 21:03:30','1985-02-25 04:30:22'),(185,'Marshall Islands','1994-01-23 05:44:17','2010-02-17 11:31:58'),(186,'Benin','2010-05-24 18:15:45','1970-07-07 18:44:12'),(187,'Hong Kong','1993-03-16 08:01:20','2009-11-17 15:33:56'),(188,'Bouvet Island (Bouvetoya)','2001-01-27 02:40:38','1983-01-24 19:47:12'),(189,'Zambia','1975-08-12 04:18:33','2000-06-09 22:48:54'),(190,'Germany','2011-03-02 08:02:03','2001-05-03 09:43:55'),(191,'Mauritania','1975-05-29 19:13:53','1973-01-10 00:26:43'),(192,'Sweden','1973-09-06 12:28:28','2010-01-12 23:41:23'),(193,'Tuvalu','2010-05-14 03:52:12','2003-10-28 14:26:44'),(194,'Sudan','1996-07-30 16:06:15','1999-05-28 01:30:13'),(195,'Germany','1992-03-05 01:23:23','1998-02-25 02:32:36'),(196,'Serbia','1984-11-09 12:09:02','1974-06-19 11:54:15'),(197,'Zambia','2000-04-11 23:30:29','2010-03-29 04:53:18'),(198,'Lesotho','1991-12-25 07:14:08','1986-09-04 11:06:04'),(199,'Mauritius','1993-05-20 09:11:29','2002-08-29 00:22:54'),(200,'Ethiopia','2012-01-17 09:32:30','2014-05-06 13:07:34'),(201,'Mozambique','1989-10-26 13:32:50','1972-07-28 19:25:01'),(202,'Malaysia','1977-11-20 15:47:51','1992-09-27 02:34:58'),(203,'United Kingdom','1981-02-19 08:49:49','2005-01-20 07:03:38'),(204,'Pitcairn Islands','1974-08-04 06:32:58','1974-10-13 07:43:29'),(205,'Togo','1975-01-02 15:41:26','2009-04-15 07:55:03'),(206,'Saint Pierre and Miquelon','1980-01-27 11:14:09','1996-03-27 19:45:11'),(207,'Sri Lanka','2005-07-24 23:31:49','1982-12-04 16:29:27'),(208,'Monaco','1988-06-28 05:11:00','1978-05-24 09:23:12'),(209,'Holy See (Vatican City State)','1985-10-15 13:57:31','2002-03-28 21:08:39'),(210,'Botswana','2000-02-13 21:49:19','1985-04-08 15:13:00'),(211,'Netherlands','1999-10-20 13:54:24','1983-02-13 07:30:38'),(212,'Ireland','1987-12-14 10:02:22','2013-04-21 18:05:39'),(213,'Congo','2009-06-30 20:02:28','1985-12-18 13:51:15'),(214,'Tajikistan','1978-04-13 05:09:47','2020-02-01 13:52:50'),(215,'United Kingdom','1997-01-29 12:31:54','1987-11-26 09:15:02'),(216,'Norway','1993-07-23 02:37:56','1995-01-01 06:26:16'),(217,'Namibia','1975-03-21 23:37:11','1982-04-15 20:41:01'),(218,'Mauritius','2006-01-06 17:17:59','2006-05-25 20:14:49'),(219,'Greenland','2002-11-30 04:14:08','1980-03-25 06:17:05'),(220,'Jamaica','2017-06-20 20:51:24','1986-10-04 03:00:12'),(221,'Haiti','2015-09-18 10:02:38','2008-03-15 08:32:45'),(222,'Saint Martin','2001-03-03 00:29:49','2002-07-21 08:01:13'),(223,'Isle of Man','1977-12-21 00:49:52','1999-12-24 23:56:15'),(224,'Indonesia','1977-07-31 06:17:10','1982-06-28 12:52:11'),(225,'Guinea','1989-10-12 04:39:24','2019-01-26 03:55:30'),(226,'Paraguay','2015-06-05 20:46:05','1990-05-27 18:22:29'),(227,'Turkey','2018-01-22 13:42:28','2018-04-06 02:52:00'),(228,'Peru','2015-09-24 04:05:57','1991-04-10 08:30:44'),(229,'Heard Island and McDonald Islands','1983-10-21 05:00:36','1981-09-24 15:36:16'),(230,'Tajikistan','2016-12-22 17:14:46','2010-05-12 00:16:13'),(231,'Faroe Islands','1982-11-18 05:32:24','1974-02-10 14:07:43'),(232,'Mauritius','1973-05-20 10:46:59','1989-01-15 19:49:04'),(233,'Tuvalu','2000-05-28 05:35:09','2010-03-29 14:13:55'),(234,'Greenland','2016-02-20 04:40:07','1976-07-11 13:58:19'),(235,'Falkland Islands (Malvinas)','1992-09-19 22:17:02','1977-09-10 04:01:54'),(236,'Namibia','1992-01-24 08:04:28','1976-03-30 07:34:13'),(237,'Norway','1989-01-19 12:45:10','1984-03-10 15:12:19'),(238,'Reunion','1984-08-21 16:07:33','1971-09-27 01:10:49'),(239,'South Georgia and the South Sandwich Islands','1990-05-15 02:37:01','1987-11-22 10:31:20'),(240,'Kazakhstan','2011-05-21 21:38:12','1981-06-04 21:02:43'),(241,'Ghana','1981-01-22 18:21:46','2015-08-07 22:16:21'),(242,'United States of America','2007-09-13 13:06:53','2011-12-07 14:25:59'),(243,'Saint Kitts and Nevis','2003-12-26 03:38:48','1984-05-14 07:09:33');
/*!40000 ALTER TABLE `countries` ENABLE KEYS */;
UNLOCK TABLES;

--
-- Table structure for table `friendship`
--

DROP TABLE IF EXISTS `friendship`;
/*!40101 SET @saved_cs_client     = @@character_set_client */;
/*!40101 SET character_set_client = utf8 */;
CREATE TABLE `friendship` (
  `user_id` int unsigned NOT NULL COMMENT 'Ссылка на инициатора дружеских отношений',
  `friend_id` int unsigned NOT NULL COMMENT 'Ссылка на получателя приглашения дружить',
  `status_id` int unsigned NOT NULL COMMENT 'Ссылка на статус (текущее состояние) отношений',
  `requested_at` datetime DEFAULT CURRENT_TIMESTAMP COMMENT 'Время отправления приглашения дружить',
  `confirmed_at` datetime DEFAULT NULL COMMENT 'Время подтверждения приглашения',
  `created_at` datetime DEFAULT CURRENT_TIMESTAMP COMMENT 'Время создания строки',
  `updated_at` datetime DEFAULT CURRENT_TIMESTAMP ON UPDATE CURRENT_TIMESTAMP COMMENT 'Время обновления строки',
  PRIMARY KEY (`user_id`,`friend_id`) COMMENT 'Составной первичный ключ'
) ENGINE=InnoDB DEFAULT CHARSET=utf8 COLLATE=utf8_unicode_ci COMMENT='Таблица дружбы';
/*!40101 SET character_set_client = @saved_cs_client */;

--
-- Dumping data for table `friendship`
--

LOCK TABLES `friendship` WRITE;
/*!40000 ALTER TABLE `friendship` DISABLE KEYS */;
INSERT INTO `friendship` VALUES (1,1,1,'1997-01-29 03:50:25','2001-05-27 09:25:54','1971-04-04 03:30:06','1984-06-24 22:30:41'),(2,2,2,'1993-03-25 07:19:45','1994-06-21 23:09:44','2009-11-30 01:43:37','1979-06-18 19:18:37'),(3,3,3,'1999-11-06 20:22:16','2012-04-14 02:11:25','1973-11-04 01:39:58','2010-07-14 23:46:40'),(4,4,1,'2005-07-13 08:16:11','1976-10-08 01:28:21','1983-12-15 22:15:43','2007-12-17 08:00:54'),(5,5,2,'2002-08-17 23:07:50','1996-02-18 06:00:16','2000-01-03 13:50:13','2020-10-29 04:49:15'),(6,6,3,'1984-08-04 01:56:39','1983-03-05 08:23:18','1995-09-05 05:36:21','1994-12-30 02:43:17'),(7,7,1,'2019-12-29 10:53:16','1983-11-07 08:40:29','1976-03-26 15:44:31','2010-10-20 18:43:28'),(8,8,2,'2017-04-03 09:54:36','2003-05-03 06:11:56','1999-11-15 21:31:04','1978-09-13 16:22:32'),(9,9,3,'1972-06-10 07:33:28','1972-07-03 01:05:59','2012-01-13 16:52:37','2019-05-01 02:16:14'),(10,10,1,'1978-08-28 23:25:04','2014-12-13 20:40:19','1989-05-06 16:29:12','1984-01-18 21:25:05'),(11,11,2,'1978-02-20 12:39:08','2016-03-21 19:20:14','2013-02-28 19:24:29','2002-08-03 12:45:49'),(12,12,3,'2013-07-13 20:12:59','1979-08-23 10:18:11','1987-01-11 15:32:06','1973-09-25 00:09:18'),(13,13,1,'2016-03-26 04:09:22','1993-02-05 11:09:02','1999-02-06 13:19:41','1983-02-24 23:16:42'),(14,14,2,'1997-07-16 17:32:46','2002-05-14 13:12:22','2015-06-21 02:27:39','1991-04-18 01:01:54'),(15,15,3,'2009-10-07 09:51:27','1997-10-10 05:13:33','2007-07-03 09:36:20','2005-07-19 14:32:10'),(16,16,1,'2013-02-26 05:21:45','2000-03-05 18:42:08','2019-04-04 15:27:18','1999-07-15 16:06:06'),(17,17,2,'1997-01-15 21:31:52','1975-05-15 13:02:21','1973-02-01 18:07:21','1971-05-06 02:55:44'),(18,18,3,'1998-08-31 19:16:37','2012-11-28 18:44:44','1971-05-01 19:31:14','1998-04-11 03:51:01'),(19,19,1,'1982-03-19 11:56:25','2002-11-24 06:52:43','1993-02-17 12:14:56','2016-04-01 02:13:26'),(20,20,2,'1976-08-26 16:23:48','2004-01-25 04:41:41','2019-02-27 17:03:45','2015-08-23 09:52:14'),(21,21,3,'1970-04-13 20:48:32','2017-08-21 08:20:12','1978-09-12 17:52:09','1970-04-08 12:34:21'),(22,22,1,'1973-12-25 05:28:03','1990-04-25 17:34:15','1996-02-12 11:07:25','2003-10-28 20:27:15'),(23,23,2,'2010-02-28 04:41:46','1987-08-14 06:27:26','1979-11-29 04:38:51','2019-07-30 21:46:08'),(24,24,3,'1970-06-16 23:29:02','1992-07-02 16:58:09','2018-03-22 05:31:59','1986-09-27 09:33:54'),(25,25,1,'2014-01-29 06:26:51','2008-10-27 21:32:16','1999-03-12 02:37:24','1986-06-20 00:16:53'),(26,26,2,'2012-09-29 20:12:39','2017-02-27 12:13:43','2004-10-20 20:41:06','2014-09-22 01:09:50'),(27,27,3,'1977-10-01 01:50:43','1991-10-03 15:43:58','1983-04-10 00:19:02','1982-01-25 05:26:47'),(28,28,1,'1994-11-13 13:35:57','1970-11-12 11:33:42','2016-05-25 11:48:26','1970-05-05 04:36:46'),(29,29,2,'1976-04-25 15:45:31','2010-06-23 04:12:11','2008-06-29 10:55:36','2003-06-10 17:22:42'),(30,30,3,'2019-11-22 07:31:55','2002-04-26 01:01:08','1972-07-17 13:16:19','1982-03-19 07:49:51'),(31,31,1,'1971-04-13 07:07:06','1985-06-11 10:37:04','1974-04-30 14:55:15','1990-09-08 07:59:37'),(32,32,2,'2016-11-06 06:42:57','1982-06-06 07:43:57','1991-02-17 06:12:47','2004-07-14 21:51:00'),(33,33,3,'2018-12-24 20:20:50','1985-12-23 00:47:22','2002-04-19 03:50:11','1972-12-05 14:07:42'),(34,34,1,'2000-03-17 07:53:10','1992-11-05 09:27:41','2020-05-15 23:40:25','1983-08-05 16:46:24'),(35,35,2,'2006-02-19 11:47:58','1971-04-02 09:32:10','2019-06-14 16:09:35','1979-12-06 16:06:49'),(36,36,3,'1989-02-12 07:00:19','2003-10-16 11:49:24','2005-11-21 06:48:08','2012-07-12 12:18:38'),(37,37,1,'1999-05-27 02:47:22','1990-01-04 22:07:59','2018-04-17 07:13:48','1996-01-30 07:19:56'),(38,38,2,'2015-01-27 17:50:16','1993-01-06 06:52:55','1983-07-10 15:26:19','1998-12-20 15:44:16'),(39,39,3,'2015-07-18 20:13:29','2019-10-06 09:24:41','2001-07-02 12:52:12','1970-06-19 02:00:09'),(40,40,1,'1974-05-06 22:57:49','1995-12-18 10:42:11','2016-05-22 19:07:14','2006-03-18 22:26:57'),(41,41,2,'2004-10-16 11:52:05','2011-08-14 11:20:41','2001-08-21 21:30:43','2008-10-18 02:20:51'),(42,42,3,'1995-08-24 20:14:15','1985-02-15 03:23:27','2006-09-18 13:42:51','1976-03-14 09:17:09'),(43,43,1,'1998-07-17 01:02:41','1976-12-15 12:31:37','1982-07-20 07:53:25','1975-02-21 06:23:02'),(44,44,2,'1988-03-17 00:35:04','1994-02-24 14:33:51','2017-03-15 07:40:26','1992-08-15 01:52:02'),(45,45,3,'2020-01-11 19:57:47','2016-09-28 05:23:03','1975-09-15 06:30:27','1981-04-05 15:17:39'),(46,46,1,'1974-04-25 21:38:56','1979-05-05 14:58:11','1995-04-24 09:13:00','1983-05-11 15:14:00'),(47,47,2,'1995-02-09 09:28:42','1998-06-24 00:09:19','1973-10-08 06:38:19','1987-10-21 22:28:15'),(48,48,3,'2003-09-18 14:51:45','1984-08-15 20:33:55','2007-12-11 16:21:27','1982-11-11 13:07:15'),(49,49,1,'1985-02-18 20:56:16','1994-04-08 04:42:20','2005-08-17 16:07:50','2017-01-26 06:56:03'),(50,50,2,'1988-08-20 08:40:53','1984-06-17 21:07:47','1999-10-28 02:17:58','1990-07-14 01:15:40'),(51,51,3,'2015-09-02 16:43:42','1987-12-23 10:02:16','1982-08-02 05:56:20','1994-10-24 06:45:33'),(52,52,1,'2001-10-15 22:41:37','2016-01-11 18:49:45','1978-12-07 17:36:06','1972-06-27 23:30:38'),(53,53,2,'2018-11-02 09:43:15','2001-10-24 08:32:36','2020-04-01 01:59:27','1989-02-24 10:08:25'),(54,54,3,'1983-05-15 07:23:04','2019-12-24 02:33:54','1981-06-04 05:01:40','1982-03-06 21:56:02'),(55,55,1,'1998-08-10 12:59:52','2020-01-17 18:10:45','1985-08-23 14:02:29','2001-02-28 05:46:43'),(56,56,2,'1993-12-01 02:11:07','2019-07-14 07:01:00','1980-05-31 09:07:34','1987-09-03 02:58:04'),(57,57,3,'1979-03-17 20:57:07','1996-12-10 14:03:54','2017-01-03 01:09:57','1990-03-07 17:10:29'),(58,58,1,'2007-10-06 08:35:42','1979-01-03 21:00:42','2019-06-24 05:24:45','1996-10-04 20:20:02'),(59,59,2,'2007-11-27 03:48:57','1993-12-29 01:40:12','1987-03-30 10:08:46','1995-02-13 02:11:02'),(60,60,3,'2001-02-03 15:09:28','1999-06-08 08:28:07','2020-09-15 19:55:00','1978-06-04 13:19:58'),(61,61,1,'1981-03-08 23:25:06','1998-07-21 19:40:48','1973-04-23 12:04:09','2019-04-30 06:36:49'),(62,62,2,'2001-08-05 13:22:16','1994-08-22 05:20:28','1979-11-07 12:57:45','1989-04-10 20:59:28'),(63,63,3,'1971-04-24 01:37:50','1987-01-23 14:05:10','1987-02-14 16:54:18','1976-03-13 05:03:47'),(64,64,1,'1996-10-16 05:37:56','1980-09-28 15:38:04','1990-09-11 14:22:36','1984-03-31 06:21:05'),(65,65,2,'2014-08-14 12:49:29','1975-05-08 05:55:25','2006-04-16 15:42:09','1971-10-26 23:56:11'),(66,66,3,'1973-11-12 06:25:32','2001-08-08 07:18:58','1987-06-05 23:08:18','1992-05-09 22:21:27'),(67,67,1,'1980-04-14 17:31:16','2013-06-25 18:45:34','2016-04-01 19:32:53','1993-12-24 21:12:16'),(68,68,2,'2000-09-18 15:50:17','2004-02-15 02:32:07','1976-09-21 03:12:27','1999-10-07 09:09:39'),(69,69,3,'1984-10-12 17:36:31','2007-05-07 00:36:14','1989-06-08 11:28:06','2017-11-14 04:43:48'),(70,70,1,'2010-07-25 14:00:41','2002-11-27 22:59:26','2011-07-04 06:11:58','2008-06-09 19:01:57'),(71,71,2,'1990-04-07 05:46:00','1989-07-28 20:48:55','1994-05-03 07:16:35','2019-03-28 07:23:24'),(72,72,3,'1970-12-01 22:29:45','1990-08-04 15:04:23','1986-06-05 18:12:38','2017-06-22 13:46:23'),(73,73,1,'1979-09-24 00:30:27','2005-06-23 00:49:40','2000-08-06 18:15:56','2008-10-28 10:58:48'),(74,74,2,'2009-01-31 05:34:42','2000-04-04 21:42:22','2001-11-03 21:04:47','1980-10-28 16:16:58'),(75,75,3,'1983-10-20 08:23:43','2003-07-11 01:12:00','2009-07-03 12:39:10','1977-06-11 06:09:40'),(76,76,1,'2012-11-03 17:38:46','2004-11-02 07:02:40','1970-11-20 19:36:47','1988-10-18 06:26:13'),(77,77,2,'1993-07-21 08:33:48','1992-09-21 22:42:56','1986-02-21 09:15:13','2009-07-03 20:56:11'),(78,78,3,'1971-07-31 14:05:40','2006-11-29 16:04:46','1973-04-12 22:07:13','1987-02-16 05:24:34'),(79,79,1,'1992-08-11 02:26:27','1996-12-24 13:01:21','1992-09-06 22:17:43','2012-12-11 17:31:58'),(80,80,2,'2009-02-22 21:05:03','1988-03-05 03:48:04','1997-02-19 12:21:16','1975-06-30 22:11:25'),(81,81,3,'1986-05-10 23:42:37','2005-06-03 19:08:47','2013-10-18 05:13:56','2002-06-16 11:47:46'),(82,82,1,'1992-09-24 06:48:34','2009-12-28 09:02:52','1995-08-19 07:22:37','1975-04-09 03:56:39'),(83,83,2,'1993-04-15 02:54:21','1998-02-01 00:59:56','2009-07-19 17:06:12','1977-03-07 20:13:58'),(84,84,3,'1974-05-29 17:52:31','1982-12-28 05:31:39','1979-04-28 15:02:40','2009-03-30 10:26:58'),(85,85,1,'1996-09-26 23:52:05','1987-12-17 03:46:09','1999-10-07 11:34:53','2015-07-20 06:32:44'),(86,86,2,'1970-10-04 15:40:32','2014-03-26 21:23:47','1971-08-22 19:45:47','2000-02-17 13:07:03'),(87,87,3,'1999-06-11 03:23:33','1984-06-22 04:30:44','2015-06-04 07:03:06','2014-10-01 04:07:04'),(88,88,1,'1974-04-10 06:03:30','1976-12-17 21:15:50','1983-04-28 14:18:15','1973-06-08 06:47:49'),(89,89,2,'1979-01-06 11:29:27','2002-03-18 11:22:10','2007-06-05 06:27:33','1981-05-02 08:48:29'),(90,90,3,'2014-03-27 22:58:42','1983-07-31 02:34:33','2003-09-30 21:10:26','1975-01-23 05:14:36'),(91,91,1,'2019-01-06 16:21:42','1998-02-27 17:43:45','2018-05-26 10:51:04','1991-07-02 12:44:43'),(92,92,2,'1977-03-08 02:43:24','2015-07-12 07:14:33','1982-05-30 03:14:18','2017-10-20 12:26:48'),(93,93,3,'1973-02-11 06:03:16','1972-07-11 02:05:36','1995-09-29 13:32:21','2001-02-14 09:25:31'),(94,94,1,'1987-11-30 16:47:35','2000-12-01 04:09:15','1986-02-09 18:57:19','1999-05-29 21:41:00'),(95,95,2,'1975-01-15 09:14:04','2000-02-15 22:29:00','1998-01-10 14:24:53','2001-07-27 10:52:46'),(96,96,3,'1970-04-24 20:39:42','2010-11-18 13:45:40','1989-10-09 11:50:15','1994-10-30 22:42:02'),(97,97,1,'1996-06-18 16:13:21','2002-11-14 17:07:10','1994-12-28 01:17:31','1987-04-25 13:29:59'),(98,98,2,'2016-10-03 09:16:57','2009-12-15 06:28:25','1996-07-22 15:40:36','1990-10-08 21:53:56'),(99,99,3,'1984-02-18 01:52:40','1982-05-22 10:54:20','1974-02-11 09:37:35','1974-06-19 08:25:49'),(100,100,1,'2012-05-08 17:35:38','1977-01-13 16:28:20','1983-07-03 17:29:16','1997-02-13 04:10:59');
/*!40000 ALTER TABLE `friendship` ENABLE KEYS */;
UNLOCK TABLES;

--
-- Table structure for table `friendship_statuses`
--

DROP TABLE IF EXISTS `friendship_statuses`;
/*!40101 SET @saved_cs_client     = @@character_set_client */;
/*!40101 SET character_set_client = utf8 */;
CREATE TABLE `friendship_statuses` (
  `id` int unsigned NOT NULL AUTO_INCREMENT COMMENT 'Идентификатор строки',
  `name` varchar(150) CHARACTER SET utf8 COLLATE utf8_unicode_ci NOT NULL COMMENT 'Название статуса',
  `created_at` datetime DEFAULT CURRENT_TIMESTAMP COMMENT 'Время создания строки',
  `updated_at` datetime DEFAULT CURRENT_TIMESTAMP ON UPDATE CURRENT_TIMESTAMP COMMENT 'Время обновления строки',
  PRIMARY KEY (`id`),
  UNIQUE KEY `name` (`name`)
) ENGINE=InnoDB AUTO_INCREMENT=4 DEFAULT CHARSET=utf8 COLLATE=utf8_unicode_ci COMMENT='Статусы дружбы';
/*!40101 SET character_set_client = @saved_cs_client */;

--
-- Dumping data for table `friendship_statuses`
--

LOCK TABLES `friendship_statuses` WRITE;
/*!40000 ALTER TABLE `friendship_statuses` DISABLE KEYS */;
INSERT INTO `friendship_statuses` VALUES (1,'est','1989-11-09 13:33:12','2013-04-01 13:38:51'),(2,'quia','2003-10-12 23:26:12','2011-06-20 01:03:54'),(3,'id','1974-04-20 00:45:42','2007-07-08 12:09:21');
/*!40000 ALTER TABLE `friendship_statuses` ENABLE KEYS */;
UNLOCK TABLES;

--
-- Table structure for table `genders`
--

DROP TABLE IF EXISTS `genders`;
/*!40101 SET @saved_cs_client     = @@character_set_client */;
/*!40101 SET character_set_client = utf8 */;
CREATE TABLE `genders` (
  `id` bigint unsigned NOT NULL AUTO_INCREMENT COMMENT 'Идентификатор строки',
  `name` char(1) NOT NULL COMMENT 'Идентификатор пола',
  `created_at` datetime NOT NULL DEFAULT CURRENT_TIMESTAMP COMMENT 'Время создания строки',
  `updated_at` datetime DEFAULT CURRENT_TIMESTAMP ON UPDATE CURRENT_TIMESTAMP COMMENT 'Время обновления строки',
  PRIMARY KEY (`id`),
  UNIQUE KEY `id` (`id`),
  UNIQUE KEY `name` (`name`)
) ENGINE=InnoDB AUTO_INCREMENT=3 DEFAULT CHARSET=utf8mb4 COLLATE=utf8mb4_0900_ai_ci COMMENT='Типы полов';
/*!40101 SET character_set_client = @saved_cs_client */;

--
-- Dumping data for table `genders`
--

LOCK TABLES `genders` WRITE;
/*!40000 ALTER TABLE `genders` DISABLE KEYS */;
INSERT INTO `genders` VALUES (1,'m','2020-11-27 04:10:02','2020-11-27 04:10:02'),(2,'f','2020-11-27 04:10:02','2020-11-27 04:10:02');
/*!40000 ALTER TABLE `genders` ENABLE KEYS */;
UNLOCK TABLES;

--
-- Table structure for table `media`
--

DROP TABLE IF EXISTS `media`;
/*!40101 SET @saved_cs_client     = @@character_set_client */;
/*!40101 SET character_set_client = utf8 */;
CREATE TABLE `media` (
  `id` int unsigned NOT NULL AUTO_INCREMENT COMMENT 'Идентификатор строки',
  `filename` varchar(255) CHARACTER SET utf8 COLLATE utf8_unicode_ci NOT NULL COMMENT 'Путь к файлу',
  `digest` varchar(256) COLLATE utf8_unicode_ci NOT NULL COMMENT 'SHA256 дайжусе файла',
  `size` int NOT NULL COMMENT 'Размер файла',
  `metadata` longtext CHARACTER SET utf8mb4 COLLATE utf8mb4_bin COMMENT 'Метаданные файла',
  `media_type_id` int unsigned NOT NULL COMMENT 'Ссылка на тип контента',
  `created_at` datetime DEFAULT CURRENT_TIMESTAMP COMMENT 'Время создания строки',
  `updated_at` datetime DEFAULT CURRENT_TIMESTAMP ON UPDATE CURRENT_TIMESTAMP COMMENT 'Время обновления строки',
  PRIMARY KEY (`id`),
  CONSTRAINT `media_chk_1` CHECK (json_valid(`metadata`))
) ENGINE=InnoDB AUTO_INCREMENT=101 DEFAULT CHARSET=utf8 COLLATE=utf8_unicode_ci COMMENT='Медиафайлы';
/*!40101 SET character_set_client = @saved_cs_client */;

--
-- Dumping data for table `media`
--

LOCK TABLES `media` WRITE;
/*!40000 ALTER TABLE `media` DISABLE KEYS */;
INSERT INTO `media` VALUES (1,'http://dropbox.net/vk/facere_Aufderhar.avi','',536278,NULL,2,'1985-09-25 16:31:56','2020-11-27 18:53:29'),(2,'http://dropbox.net/vk/ex_Wolf.mpeg','',43031,NULL,3,'1983-12-06 10:43:31','2020-11-27 18:53:29'),(3,'http://dropbox.net/vk/nemo_Rodriguez.mpeg','',3352320,NULL,3,'2000-06-23 04:41:42','2020-11-27 18:53:29'),(4,'http://dropbox.net/vk/quia_Quitzon.avi','',6927734,NULL,2,'2005-09-16 15:57:12','2020-11-27 18:53:29'),(5,'http://dropbox.net/vk/voluptatem_Smith.mpeg','',5606619,NULL,3,'2006-11-10 06:24:59','2020-11-27 18:53:29'),(6,'http://dropbox.net/vk/enim_Wintheiser.avi','',1339522,NULL,2,'1972-12-02 01:05:46','2020-11-27 18:53:29'),(7,'http://dropbox.net/vk/aut_Will.jpeg','',47063,NULL,1,'1980-02-28 23:34:23','2020-11-27 18:53:29'),(8,'http://dropbox.net/vk/omnis_Howe.avi','',443442,NULL,2,'1999-02-22 16:01:37','2020-11-27 18:53:29'),(9,'http://dropbox.net/vk/molestias_Emard.avi','',600882398,NULL,2,'2008-01-18 06:20:43','2020-11-27 18:53:29'),(10,'http://dropbox.net/vk/corrupti_Mitchell.avi','',39227,NULL,2,'1993-02-18 21:40:12','2020-11-27 18:53:29'),(11,'http://dropbox.net/vk/nihil_Schuster.jpeg','',267834,NULL,1,'2010-06-21 23:04:19','2020-11-27 18:53:29'),(12,'http://dropbox.net/vk/debitis_Brown.avi','',526444938,NULL,2,'1997-03-04 23:36:00','2020-11-27 18:53:29'),(13,'http://dropbox.net/vk/atque_Reynolds.avi','',720335,NULL,2,'1983-04-25 21:45:58','2020-11-27 18:53:29'),(14,'http://dropbox.net/vk/explicabo_Harvey.jpeg','',788174,NULL,1,'1975-09-27 14:20:49','2020-11-27 18:53:29'),(15,'http://dropbox.net/vk/et_Koch.mpeg','',97619033,NULL,3,'2003-02-02 21:53:53','2020-11-27 18:53:29'),(16,'http://dropbox.net/vk/numquam_Franecki.avi','',769866,NULL,2,'1986-10-30 13:45:45','2020-11-27 18:53:29'),(17,'http://dropbox.net/vk/reprehenderit_Wisozk.jpeg','',474810,NULL,1,'1971-03-19 13:38:55','2020-11-27 18:53:29'),(18,'http://dropbox.net/vk/eius_Greenholt.mpeg','',97363,NULL,3,'2005-04-01 00:18:05','2020-11-27 18:53:29'),(19,'http://dropbox.net/vk/pariatur_Keeling.jpeg','',73121358,NULL,1,'1975-03-12 21:54:49','2020-11-27 18:53:29'),(20,'http://dropbox.net/vk/quis_Zboncak.jpeg','',54453,NULL,1,'2005-09-15 01:20:16','2020-11-27 18:53:29'),(21,'http://dropbox.net/vk/molestiae_Weimann.avi','',837834,NULL,2,'1997-05-05 22:51:46','2020-11-27 18:53:29'),(22,'http://dropbox.net/vk/tenetur_Nader.mpeg','',15810,NULL,3,'1974-01-23 17:34:49','2020-11-27 18:53:29'),(23,'http://dropbox.net/vk/a_Quigley.jpeg','',3831697,NULL,1,'1970-07-23 07:24:25','2020-11-27 18:53:29'),(24,'http://dropbox.net/vk/delectus_Gleichner.mpeg','',555550,NULL,3,'1976-09-19 15:47:38','2020-11-27 18:53:29'),(25,'http://dropbox.net/vk/sunt_Robel.jpeg','',720320,NULL,1,'1982-06-29 02:02:36','2020-11-27 18:53:29'),(26,'http://dropbox.net/vk/esse_Metz.mpeg','',2305481,NULL,3,'1982-11-22 23:33:15','2020-11-27 18:53:29'),(27,'http://dropbox.net/vk/culpa_Schuppe.mpeg','',31697973,NULL,3,'1999-07-13 03:40:38','2020-11-27 18:53:29'),(28,'http://dropbox.net/vk/unde_Kris.mpeg','',924953,NULL,3,'1991-02-27 11:14:33','2020-11-27 18:53:29'),(29,'http://dropbox.net/vk/voluptatum_Schaefer.jpeg','',453803,NULL,1,'1981-03-08 14:26:51','2020-11-27 18:53:29'),(30,'http://dropbox.net/vk/corporis_Lueilwitz.avi','',50326,NULL,2,'1976-10-29 21:58:50','2020-11-27 18:53:29'),(31,'http://dropbox.net/vk/possimus_Koelpin.avi','',59494,NULL,2,'1998-10-26 18:04:15','2020-11-27 18:53:29'),(32,'http://dropbox.net/vk/blanditiis_Labadie.avi','',484156,NULL,2,'2000-07-23 05:35:13','2020-11-27 18:53:29'),(33,'http://dropbox.net/vk/cumque_Gottlieb.avi','',49373,NULL,2,'2011-08-04 05:28:43','2020-11-27 18:53:29'),(34,'http://dropbox.net/vk/inventore_Greenholt.jpeg','',784395,NULL,1,'1979-10-08 08:14:56','2020-11-27 18:53:29'),(35,'http://dropbox.net/vk/cum_Wilderman.mpeg','',8612296,NULL,3,'1999-04-14 02:36:40','2020-11-27 18:53:29'),(36,'http://dropbox.net/vk/ab_Herman.avi','',763859,NULL,2,'1979-08-08 22:34:05','2020-11-27 18:53:29'),(37,'http://dropbox.net/vk/vero_Ondricka.mpeg','',456110,NULL,3,'2005-07-09 12:46:11','2020-11-27 18:53:29'),(38,'http://dropbox.net/vk/voluptas_Ankunding.jpeg','',246483,NULL,1,'2009-09-10 10:02:17','2020-11-27 18:53:29'),(39,'http://dropbox.net/vk/distinctio_Blick.avi','',978974,NULL,2,'2003-05-24 16:40:11','2020-11-27 18:53:29'),(40,'http://dropbox.net/vk/ea_Beahan.avi','',516538,NULL,2,'1993-07-22 02:38:01','2020-11-27 18:53:29'),(41,'http://dropbox.net/vk/optio_Wiza.mpeg','',6962079,NULL,3,'1987-01-21 18:05:47','2020-11-27 18:53:29'),(42,'http://dropbox.net/vk/in_Feeney.avi','',635770,NULL,2,'2015-08-08 00:08:14','2020-11-27 18:53:29'),(43,'http://dropbox.net/vk/quas_Gerlach.jpeg','',200528,NULL,1,'2015-09-22 06:27:55','2020-11-27 18:53:29'),(44,'http://dropbox.net/vk/recusandae_Steuber.mpeg','',262726,NULL,3,'1982-11-28 14:20:20','2020-11-27 18:53:29'),(45,'http://dropbox.net/vk/adipisci_Kertzmann.avi','',619238,NULL,2,'2000-04-05 08:56:56','2020-11-27 18:53:29'),(46,'http://dropbox.net/vk/labore_Wehner.avi','',178879,NULL,2,'1994-07-27 04:02:16','2020-11-27 18:53:29'),(47,'http://dropbox.net/vk/nesciunt_Marvin.avi','',26683,NULL,2,'2009-01-11 00:31:45','2020-11-27 18:53:29'),(48,'http://dropbox.net/vk/iure_Pollich.jpeg','',47908824,NULL,1,'1973-01-02 05:41:12','2020-11-27 18:53:29'),(49,'http://dropbox.net/vk/cupiditate_Rolfson.mpeg','',586779,NULL,3,'1989-07-28 23:44:08','2020-11-27 18:53:29'),(50,'http://dropbox.net/vk/quod_Connelly.mpeg','',374765,NULL,3,'2020-01-30 08:08:10','2020-11-27 18:53:29'),(51,'http://dropbox.net/vk/provident_Davis.jpeg','',8772955,NULL,1,'1990-12-20 05:50:50','2020-11-27 18:53:29'),(52,'http://dropbox.net/vk/dicta_Jerde.avi','',2254151,NULL,2,'2000-07-18 00:04:54','2020-11-27 18:53:29'),(53,'http://dropbox.net/vk/libero_Ullrich.mpeg','',369325365,NULL,3,'1983-09-24 14:59:54','2020-11-27 18:53:29'),(54,'http://dropbox.net/vk/reiciendis_Kub.jpeg','',5701845,NULL,1,'2009-05-18 15:02:56','2020-11-27 18:53:29'),(55,'http://dropbox.net/vk/nisi_Flatley.jpeg','',17175,NULL,1,'1979-01-28 11:22:12','2020-11-27 18:53:29'),(56,'http://dropbox.net/vk/maxime_Gutkowski.avi','',843845,NULL,2,'2009-10-09 22:50:11','2020-11-27 18:53:29'),(57,'http://dropbox.net/vk/ut_Hammes.avi','',448889,NULL,2,'2008-05-26 05:46:36','2020-11-27 18:53:29'),(58,'http://dropbox.net/vk/consequuntur_Runolfsdottir.mpeg','',24796,NULL,3,'1976-10-16 05:28:18','2020-11-27 18:53:29'),(59,'http://dropbox.net/vk/dignissimos_McKenzie.mpeg','',9766882,NULL,3,'2016-06-09 01:29:11','2020-11-27 18:53:29'),(60,'http://dropbox.net/vk/iste_Lesch.avi','',51370,NULL,2,'1999-01-30 06:51:42','2020-11-27 18:53:29'),(61,'http://dropbox.net/vk/officiis_Tromp.mpeg','',70295,NULL,3,'1977-03-07 02:16:35','2020-11-27 18:53:29'),(62,'http://dropbox.net/vk/porro_Barton.jpeg','',702909,NULL,1,'1994-02-10 02:32:00','2020-11-27 18:53:29'),(63,'http://dropbox.net/vk/iusto_Metz.mpeg','',157879,NULL,3,'1971-03-10 01:35:44','2020-11-27 18:53:29'),(64,'http://dropbox.net/vk/aspernatur_Aufderhar.jpeg','',670670,NULL,1,'1996-12-21 08:59:42','2020-11-27 18:53:29'),(65,'http://dropbox.net/vk/non_Bartell.jpeg','',3399500,NULL,1,'2002-08-04 21:22:23','2020-11-27 18:53:29'),(66,'http://dropbox.net/vk/architecto_Dibbert.jpeg','',501622,NULL,1,'1995-08-11 18:43:41','2020-11-27 18:53:29'),(67,'http://dropbox.net/vk/minus_Friesen.avi','',869712,NULL,2,'1978-02-15 01:31:39','2020-11-27 18:53:29'),(68,'http://dropbox.net/vk/accusamus_Crooks.avi','',326549,NULL,2,'2014-09-29 14:18:03','2020-11-27 18:53:29'),(69,'http://dropbox.net/vk/impedit_Nienow.mpeg','',324749405,NULL,3,'1977-10-15 16:52:47','2020-11-27 18:53:29'),(70,'http://dropbox.net/vk/sint_Olson.jpeg','',13612,NULL,1,'2007-11-09 22:19:48','2020-11-27 18:53:29'),(71,'http://dropbox.net/vk/perspiciatis_Abshire.mpeg','',78413,NULL,3,'1995-07-15 23:59:24','2020-11-27 18:53:29'),(72,'http://dropbox.net/vk/aperiam_Ryan.avi','',341228,NULL,2,'1992-05-25 07:39:16','2020-11-27 18:53:29'),(73,'http://dropbox.net/vk/voluptate_Tremblay.mpeg','',460903,NULL,3,'2004-06-11 03:13:55','2020-11-27 18:53:29'),(74,'http://dropbox.net/vk/qui_Rohan.jpeg','',270832,NULL,1,'2015-06-25 10:06:32','2020-11-27 18:53:29'),(75,'http://dropbox.net/vk/ratione_Turner.avi','',961451,NULL,2,'1978-04-01 15:35:39','2020-11-27 18:53:29'),(76,'http://dropbox.net/vk/quibusdam_Schaden.jpeg','',2906219,NULL,1,'1977-12-11 14:37:13','2020-11-27 18:53:29'),(77,'http://dropbox.net/vk/natus_Veum.mpeg','',984759,NULL,3,'1975-10-10 03:44:41','2020-11-27 18:53:29'),(78,'http://dropbox.net/vk/error_Hintz.avi','',30134,NULL,2,'2014-04-14 11:49:08','2020-11-27 18:53:29'),(79,'http://dropbox.net/vk/sed_Bogan.jpeg','',403048420,NULL,1,'2005-11-11 03:53:36','2020-11-27 18:53:29'),(80,'http://dropbox.net/vk/mollitia_Reynolds.mpeg','',29443,NULL,3,'1973-03-03 20:13:15','2020-11-27 18:53:29'),(81,'http://dropbox.net/vk/ad_Bartell.jpeg','',182938,NULL,1,'2020-09-04 03:26:46','2020-11-27 18:53:29'),(82,'http://dropbox.net/vk/sit_Considine.avi','',816360,NULL,2,'2014-05-08 13:41:40','2020-11-27 18:53:29'),(83,'http://dropbox.net/vk/id_Bartell.avi','',522989,NULL,2,'1999-06-26 03:07:04','2020-11-27 18:53:29'),(84,'http://dropbox.net/vk/rerum_Bruen.jpeg','',155863,NULL,1,'1984-05-06 12:37:18','2020-11-27 18:53:29'),(85,'http://dropbox.net/vk/dolorum_White.jpeg','',200350,NULL,1,'2002-03-07 19:03:26','2020-11-27 18:53:29'),(86,'http://dropbox.net/vk/quo_Swaniawski.avi','',272244255,NULL,2,'1999-08-06 00:54:08','2020-11-27 18:53:29'),(87,'http://dropbox.net/vk/tempora_Larson.mpeg','',64083649,NULL,3,'2010-11-24 11:00:25','2020-11-27 18:53:29'),(88,'http://dropbox.net/vk/illo_Quitzon.jpeg','',524163,NULL,1,'1985-09-05 16:11:42','2020-11-27 18:53:29'),(89,'http://dropbox.net/vk/quaerat_Runolfsson.avi','',97095020,NULL,2,'1973-04-25 16:17:27','2020-11-27 18:53:29'),(90,'http://dropbox.net/vk/est_Morissette.avi','',607358929,NULL,2,'2018-06-16 10:16:40','2020-11-27 18:53:29'),(91,'http://dropbox.net/vk/commodi_Walter.jpeg','',4502032,NULL,1,'2003-08-24 10:19:45','2020-11-27 18:53:29'),(92,'http://dropbox.net/vk/beatae_Pfannerstill.mpeg','',1009766,NULL,3,'1994-03-28 12:56:35','2020-11-27 18:53:29'),(93,'http://dropbox.net/vk/sapiente_Kihn.mpeg','',466342,NULL,3,'2007-09-30 14:26:27','2020-11-27 18:53:29'),(94,'http://dropbox.net/vk/ipsam_Boyle.mpeg','',65650476,NULL,3,'1993-02-27 16:14:46','2020-11-27 18:53:29'),(95,'http://dropbox.net/vk/autem_Wisozk.avi','',292410,NULL,2,'1982-10-24 13:40:25','2020-11-27 18:53:29'),(96,'http://dropbox.net/vk/eligendi_Deckow.jpeg','',841756034,NULL,1,'1977-09-23 15:36:50','2020-11-27 18:53:29'),(97,'http://dropbox.net/vk/animi_Gorczany.jpeg','',53027,NULL,1,'1988-02-28 09:55:41','2020-11-27 18:53:29'),(98,'http://dropbox.net/vk/perferendis_Jones.jpeg','',377904,NULL,1,'1995-09-07 09:16:41','2020-11-27 18:53:29'),(99,'http://dropbox.net/vk/repudiandae_Hodkiewicz.mpeg','',720440,NULL,3,'2019-05-27 18:31:33','2020-11-27 18:53:29'),(100,'http://dropbox.net/vk/repellendus_Hilll.avi','',458490,NULL,2,'1985-05-04 21:24:37','2020-11-27 18:53:29');
/*!40000 ALTER TABLE `media` ENABLE KEYS */;
UNLOCK TABLES;

--
-- Table structure for table `media_types`
--

DROP TABLE IF EXISTS `media_types`;
/*!40101 SET @saved_cs_client     = @@character_set_client */;
/*!40101 SET character_set_client = utf8 */;
CREATE TABLE `media_types` (
  `id` bigint unsigned NOT NULL AUTO_INCREMENT COMMENT 'Идентификатор строки',
  `name` varchar(255) NOT NULL COMMENT 'Название типа',
  `created_at` datetime NOT NULL DEFAULT CURRENT_TIMESTAMP COMMENT 'Время создания строки',
  `updated_at` datetime DEFAULT CURRENT_TIMESTAMP ON UPDATE CURRENT_TIMESTAMP COMMENT 'Время обновления строки',
  PRIMARY KEY (`id`),
  UNIQUE KEY `id` (`id`),
  UNIQUE KEY `name` (`name`)
) ENGINE=InnoDB AUTO_INCREMENT=4 DEFAULT CHARSET=utf8mb4 COLLATE=utf8mb4_0900_ai_ci COMMENT='Типы медиафайлов';
/*!40101 SET character_set_client = @saved_cs_client */;

--
-- Dumping data for table `media_types`
--

LOCK TABLES `media_types` WRITE;
/*!40000 ALTER TABLE `media_types` DISABLE KEYS */;
INSERT INTO `media_types` VALUES (1,'photo','2020-11-27 17:50:35','2020-11-27 17:50:35'),(2,'video','2020-11-27 17:50:35','2020-11-27 17:50:35'),(3,'audio','2020-11-27 17:50:35','2020-11-27 17:50:35');
/*!40000 ALTER TABLE `media_types` ENABLE KEYS */;
UNLOCK TABLES;

--
-- Table structure for table `message_likes`
--

DROP TABLE IF EXISTS `message_likes`;
/*!40101 SET @saved_cs_client     = @@character_set_client */;
/*!40101 SET character_set_client = utf8 */;
CREATE TABLE `message_likes` (
  `id` int unsigned NOT NULL AUTO_INCREMENT COMMENT 'Идентификатор строки',
  `message_id` int unsigned NOT NULL COMMENT 'ССЫЛКА на пост',
  `user_id` int unsigned NOT NULL COMMENT 'Ссылка на пользователя, кто поставил лайк',
  `created_at` datetime DEFAULT CURRENT_TIMESTAMP COMMENT 'Время создания строки',
  PRIMARY KEY (`id`)
) ENGINE=InnoDB AUTO_INCREMENT=101 DEFAULT CHARSET=utf8 COLLATE=utf8_unicode_ci COMMENT='Лайки постов';
/*!40101 SET character_set_client = @saved_cs_client */;

--
-- Dumping data for table `message_likes`
--

LOCK TABLES `message_likes` WRITE;
/*!40000 ALTER TABLE `message_likes` DISABLE KEYS */;
INSERT INTO `message_likes` VALUES (1,31,17,'1983-03-27 04:49:42'),(2,53,74,'1974-06-30 14:02:47'),(3,41,49,'2000-09-07 01:06:51'),(4,88,39,'2002-06-23 10:12:38'),(5,9,68,'2009-09-02 22:52:22'),(6,6,80,'2014-11-19 15:19:45'),(7,57,36,'1994-03-08 17:11:48'),(8,79,80,'2011-02-13 18:12:37'),(9,45,9,'1987-07-14 06:48:41'),(10,89,71,'1988-08-17 22:28:10'),(11,53,64,'1975-04-23 03:06:37'),(12,96,28,'1998-02-28 11:29:13'),(13,3,65,'1993-09-04 07:27:04'),(14,51,17,'2014-04-18 07:50:01'),(15,36,43,'2008-01-25 09:23:51'),(16,36,88,'1988-11-12 04:11:15'),(17,94,59,'2007-05-16 21:58:29'),(18,22,51,'1995-12-02 20:55:26'),(19,97,97,'1995-10-25 13:24:18'),(20,39,100,'1975-11-25 20:17:18'),(21,86,76,'2005-11-24 19:58:47'),(22,15,61,'2005-07-23 14:30:40'),(23,14,3,'2009-05-23 10:27:39'),(24,33,1,'2016-02-12 16:50:23'),(25,68,50,'1987-02-18 19:51:38'),(26,20,84,'1999-07-14 19:53:14'),(27,35,83,'2007-12-17 17:32:50'),(28,38,41,'1980-11-30 23:43:34'),(29,62,81,'2000-05-01 15:01:42'),(30,56,87,'1987-10-06 03:58:55'),(31,72,90,'1976-03-09 15:53:54'),(32,75,54,'1993-01-21 01:22:45'),(33,64,26,'1988-07-28 18:35:09'),(34,69,8,'1988-05-14 04:58:44'),(35,52,87,'1989-12-29 14:47:55'),(36,62,9,'1992-07-21 23:11:04'),(37,21,10,'2000-12-25 10:36:13'),(38,52,6,'2003-05-20 09:15:05'),(39,70,55,'2014-09-18 02:19:58'),(40,51,77,'2006-11-09 00:43:13'),(41,95,8,'2003-03-07 20:59:31'),(42,11,58,'2007-09-26 18:35:13'),(43,23,52,'2012-02-11 18:48:10'),(44,23,54,'1973-10-11 03:58:40'),(45,31,89,'2019-06-06 21:52:14'),(46,40,15,'1977-09-13 20:55:44'),(47,53,4,'1991-06-27 11:18:06'),(48,16,61,'2002-04-28 12:19:11'),(49,76,96,'1972-08-18 18:27:03'),(50,27,45,'2003-02-24 20:53:03'),(51,93,4,'2002-09-27 15:24:34'),(52,26,61,'2000-02-20 16:40:42'),(53,31,60,'1975-09-05 07:30:17'),(54,17,50,'1990-11-27 01:19:29'),(55,29,36,'2017-10-23 12:54:06'),(56,95,44,'1984-12-01 01:58:04'),(57,1,57,'2004-04-24 17:21:22'),(58,6,36,'1987-07-25 09:03:22'),(59,89,60,'2005-05-08 00:23:47'),(60,45,12,'1975-11-12 16:27:02'),(61,42,34,'2019-06-21 21:21:53'),(62,46,52,'1977-04-16 04:28:52'),(63,52,89,'2018-01-26 10:47:59'),(64,96,3,'1987-10-19 01:07:57'),(65,73,54,'2007-12-06 00:40:13'),(66,23,61,'2001-04-09 15:33:47'),(67,89,2,'1997-07-30 11:42:31'),(68,23,19,'1989-10-17 11:32:49'),(69,41,66,'1999-10-31 23:00:16'),(70,43,66,'1971-05-21 11:06:40'),(71,57,52,'2019-09-13 14:54:12'),(72,81,81,'2007-01-19 11:52:53'),(73,10,56,'1986-02-19 12:29:57'),(74,2,22,'1983-07-19 06:53:04'),(75,46,80,'2003-04-23 11:58:45'),(76,63,80,'1984-12-10 17:31:54'),(77,37,69,'1980-08-16 18:04:53'),(78,56,62,'2001-05-25 18:02:44'),(79,21,10,'1983-02-16 01:11:18'),(80,35,88,'1970-01-12 09:31:43'),(81,51,93,'1990-05-04 02:06:21'),(82,84,75,'2004-05-09 08:33:57'),(83,28,59,'1986-08-27 08:27:18'),(84,79,19,'2017-01-13 13:57:10'),(85,16,11,'1984-07-07 05:55:37'),(86,8,34,'2003-10-24 06:56:51'),(87,25,30,'2013-10-14 20:20:43'),(88,6,36,'1982-09-20 19:18:36'),(89,15,16,'1978-11-08 20:35:54'),(90,78,2,'1993-04-01 08:35:40'),(91,92,88,'1980-11-08 04:03:33'),(92,17,14,'1976-03-19 22:45:28'),(93,8,54,'1988-02-23 14:46:00'),(94,2,36,'2010-01-02 21:38:31'),(95,13,57,'1998-09-09 11:20:20'),(96,96,76,'1996-03-04 19:36:40'),(97,40,86,'2014-10-11 05:51:59'),(98,58,33,'2002-07-27 10:04:29'),(99,30,75,'1971-12-25 09:34:58'),(100,36,8,'1992-10-14 02:20:13');
/*!40000 ALTER TABLE `message_likes` ENABLE KEYS */;
UNLOCK TABLES;

--
-- Table structure for table `messages`
--

DROP TABLE IF EXISTS `messages`;
/*!40101 SET @saved_cs_client     = @@character_set_client */;
/*!40101 SET character_set_client = utf8 */;
CREATE TABLE `messages` (
  `id` int unsigned NOT NULL AUTO_INCREMENT COMMENT 'Идентификатор строки',
  `from_user_id` int unsigned NOT NULL COMMENT 'Ссылка на отправителя сообщения',
  `to_user_id` int unsigned NOT NULL COMMENT 'Ссылка на получателя сообщения',
  `body` text CHARACTER SET utf8 COLLATE utf8_unicode_ci NOT NULL COMMENT 'Текст сообщения',
  `is_important` tinyint(1) DEFAULT NULL COMMENT 'Признак важности',
  `is_delivered` tinyint(1) DEFAULT NULL COMMENT 'Признак доставки',
  `created_at` datetime DEFAULT CURRENT_TIMESTAMP COMMENT 'Время создания строки',
  `updated_at` datetime DEFAULT CURRENT_TIMESTAMP ON UPDATE CURRENT_TIMESTAMP COMMENT 'Время обновления строки',
  PRIMARY KEY (`id`)
) ENGINE=InnoDB AUTO_INCREMENT=101 DEFAULT CHARSET=utf8 COLLATE=utf8_unicode_ci COMMENT='Сообщения';
/*!40101 SET character_set_client = @saved_cs_client */;

--
-- Dumping data for table `messages`
--

LOCK TABLES `messages` WRITE;
/*!40000 ALTER TABLE `messages` DISABLE KEYS */;
INSERT INTO `messages` VALUES (1,12,64,'Molestiae eum asperiores inventore distinctio eaque omnis ut. Et est iste quibusdam possimus ullam cum cum. Omnis tenetur rerum in aut id labore et. Facilis eligendi suscipit eos ea.',1,1,'2020-11-27 17:47:25','2020-11-27 17:49:17'),(2,85,30,'Cumque laborum ea id dolores fugiat est sapiente. Accusamus est excepturi voluptatem. Soluta nesciunt in debitis asperiores aut labore.',1,1,'2020-11-27 17:47:25','2020-11-27 17:49:17'),(3,98,97,'Odio vel ullam ex omnis ut quod doloribus amet. Dolorum dolorem cum possimus dicta. Omnis nisi at placeat ut assumenda. Consectetur est natus delectus rem quibusdam.',1,0,'2020-11-27 17:47:25','2020-11-27 17:49:17'),(4,92,68,'Et corporis repellat asperiores ut autem molestias soluta. Magnam ex autem distinctio dolorem adipisci consequatur. Numquam vitae explicabo omnis eum aperiam quaerat.',0,0,'2020-11-27 17:47:25','2020-11-27 17:49:17'),(5,62,6,'Debitis reprehenderit vitae quibusdam molestiae. Possimus praesentium voluptate qui officiis.',0,0,'2020-11-27 17:47:25','2020-11-27 17:49:17'),(6,42,95,'Iste aut quam ex corporis sit sit sapiente ad. Commodi deleniti voluptates rem architecto ut veniam ut. Officiis magni nemo nihil officia occaecati est et.',0,0,'2020-11-27 17:47:25','2020-11-27 17:49:17'),(7,47,48,'Praesentium quae et placeat. Omnis magnam adipisci delectus aliquid ut aut. Ad ut non provident iusto ipsa rerum iusto.',0,1,'2020-11-27 17:47:25','2020-11-27 17:49:17'),(8,98,47,'Possimus suscipit reiciendis architecto quod consequatur. Alias eum eum numquam tempore suscipit sapiente qui.',0,1,'2020-11-27 17:47:25','2020-11-27 17:49:17'),(9,40,60,'Mollitia beatae vitae maxime sed voluptatem. Repudiandae suscipit laboriosam est.',1,1,'2020-11-27 17:47:25','2020-11-27 17:49:17'),(10,78,12,'Rem eligendi autem ratione eaque earum consequatur. Vitae vitae vel deserunt molestias ab at voluptas aut. Sed qui optio non quia natus dolorem.',1,0,'2020-11-27 17:47:25','2020-11-27 17:49:17'),(11,23,79,'Dolorem qui sint occaecati et illum id aut. Ratione laudantium praesentium maiores quia facilis dignissimos molestias. Est ut et totam explicabo. Ut fuga ratione voluptas laborum minus.',1,0,'2020-11-27 17:47:25','2020-11-27 17:49:17'),(12,24,83,'Totam aperiam totam itaque sint ut vel exercitationem. Sed harum omnis fugit sapiente nihil aspernatur. Odit et omnis laborum rerum repudiandae. Id distinctio molestiae accusantium enim assumenda.',0,1,'2020-11-27 17:47:25','2020-11-27 17:49:17'),(13,42,62,'Soluta amet ratione quae hic commodi eum. Ipsum accusamus aliquid magni labore. Ut accusamus iusto rem repudiandae odit.',0,0,'2020-11-27 17:47:25','2020-11-27 17:49:17'),(14,83,28,'Impedit praesentium quas laborum amet. Occaecati placeat et repudiandae ad et id asperiores. Quia ea fuga error aut esse voluptatem.',0,1,'2020-11-27 17:47:25','2020-11-27 17:49:17'),(15,90,64,'Qui est ratione sit est. Amet fugiat mollitia illum qui voluptatem. Cum quibusdam quia voluptas. Ex explicabo corporis odio et quis suscipit.',0,1,'2020-11-27 17:47:25','2020-11-27 17:49:17'),(16,53,70,'Ullam quas dolorem sint odio voluptas et. Voluptas aut itaque earum ad quis. Est exercitationem aliquam facere.',0,0,'2020-11-27 17:47:25','2020-11-27 17:49:17'),(17,93,53,'Quaerat ducimus quis suscipit nemo odit consequatur perferendis. Eos ullam doloremque iste incidunt autem alias. Et placeat perferendis repellat ut placeat dolores. Provident unde voluptatem deserunt expedita consequatur in voluptas deleniti.',0,0,'2020-11-27 17:47:25','2020-11-27 17:49:17'),(18,84,62,'Ut illo id deleniti sed incidunt sunt nostrum. Voluptatem est illo dolor quam impedit est sint quo. Voluptatem quasi dolorem accusamus vel nihil iusto assumenda sed. Vero perspiciatis esse asperiores magnam neque vero.',0,1,'2020-11-27 17:47:25','2020-11-27 17:49:17'),(19,57,98,'Minima est magnam at neque dolorem veritatis aliquam. Et vero provident aut dolorum aspernatur odit. Et eveniet ad est voluptas.',0,0,'2020-11-27 17:47:25','2020-11-27 17:49:17'),(20,17,91,'Consequatur minus in blanditiis tempore. Unde reiciendis numquam fugit. Neque quasi provident qui vitae temporibus sunt architecto.',1,0,'2020-11-27 17:47:25','2020-11-27 17:49:17'),(21,5,51,'Quia praesentium in veritatis aut libero ut veritatis voluptatem. Placeat voluptatem ea illo et voluptatibus. Neque aut enim sint eveniet commodi deleniti maxime et.',0,1,'2020-11-27 17:47:25','2020-11-27 17:49:17'),(22,39,43,'Accusantium vero explicabo et eos saepe odio. Voluptatem delectus doloribus voluptatum eveniet quis. Dolor magnam illo et.',0,1,'2020-11-27 17:47:25','2020-11-27 17:49:17'),(23,95,47,'Mollitia non magni labore repellat voluptatem. Reprehenderit omnis minus temporibus error. Voluptatum vero repellat aut in et dolorum neque. Aut officiis corrupti similique eos aut.',1,0,'2020-11-27 17:47:25','2020-11-27 17:49:17'),(24,51,12,'Voluptatem commodi alias nisi fuga harum autem quas. Occaecati molestias vitae dolorem qui veritatis nam rerum. Illum hic esse enim natus. Sapiente et esse architecto possimus quas omnis.',0,1,'2020-11-27 17:47:25','2020-11-27 17:49:17'),(25,8,4,'Illo et officia provident sit tenetur ut. Eos esse fuga temporibus dolores eveniet possimus quisquam exercitationem. Odit aspernatur sint ab in tempore. Reiciendis consectetur corrupti impedit ab aut.',0,0,'2020-11-27 17:47:25','2020-11-27 17:49:17'),(26,95,63,'Ut accusamus error totam. Facilis ut quae quae rem. Pariatur et sequi consequuntur voluptatem eum incidunt. Et et perferendis ut voluptatibus ea non eos et.',1,1,'2020-11-27 17:47:25','2020-11-27 17:49:17'),(27,30,60,'Consequatur esse rerum minus velit qui saepe magnam. Aut voluptas tempore dicta. Et quo voluptatem modi facere quae maxime minima. Fugiat facilis explicabo necessitatibus rerum nihil voluptatem ipsum.',0,0,'2020-11-27 17:47:25','2020-11-27 17:49:17'),(28,9,65,'Officia amet quo iusto qui non consequatur et perferendis. Nostrum rerum et accusamus mollitia. Dignissimos officia velit dolorem dolores. Fugiat maiores nemo omnis officiis sint voluptatibus. Excepturi id maxime quo nihil.',1,1,'2020-11-27 17:47:25','2020-11-27 17:49:17'),(29,95,83,'Excepturi consequuntur ut sed harum quis. Inventore qui eos laborum. Voluptatem harum impedit et qui iste et sint. Eveniet eaque id et nihil aliquid et.',0,0,'2020-11-27 17:47:25','2020-11-27 17:49:17'),(30,28,90,'Illum omnis et ratione molestiae nam. Distinctio atque natus atque nihil ad ut aut dignissimos. Tenetur architecto et ut sunt enim.',0,1,'2020-11-27 17:47:25','2020-11-27 17:49:17'),(31,64,50,'Omnis ut est sed quia est commodi. Molestias facere possimus dolor maiores beatae officiis exercitationem. Dolore fuga quia iure repudiandae modi. Est eveniet aut voluptatem laboriosam.',0,1,'2020-11-27 17:47:25','2020-11-27 17:49:17'),(32,60,47,'Saepe qui doloribus omnis illum enim ut voluptate. Sunt adipisci dolore voluptas alias quia veniam excepturi. Aut sequi ea dolores ad harum.',0,0,'2020-11-27 17:47:25','2020-11-27 17:49:17'),(33,56,36,'Aut quos blanditiis ducimus maxime aut. Similique aliquid quis non fuga totam aut odio voluptatem. Dolorum sequi nostrum voluptatibus minima.',0,0,'2020-11-27 17:47:25','2020-11-27 17:49:17'),(34,13,54,'Expedita sint illo rerum numquam expedita earum. Minus quidem ex optio nam magnam qui et. Non recusandae officiis placeat provident facilis labore.',0,0,'2020-11-27 17:47:25','2020-11-27 17:49:17'),(35,34,6,'Necessitatibus quibusdam consequuntur omnis inventore dolorum aliquid est. Unde non autem perferendis nesciunt quis quas voluptatem ullam. Nobis odio quod cumque animi omnis repellendus aspernatur.',1,1,'2020-11-27 17:47:25','2020-11-27 17:49:17'),(36,29,25,'Nisi reiciendis ut sed dolorem sint omnis. Culpa repellat ut rem ea. Laboriosam error ut et est est.',0,1,'2020-11-27 17:47:25','2020-11-27 17:49:17'),(37,37,9,'Repellat odio sunt et adipisci at. Id omnis temporibus assumenda nobis necessitatibus.',0,0,'2020-11-27 17:47:25','2020-11-27 17:49:17'),(38,33,38,'Corrupti nulla tempore rerum quae dolores magnam. Molestiae aspernatur vero ratione quae temporibus. Dolorem cumque nihil tempora deleniti qui perferendis aut. Sunt quas aliquid voluptas aut.',1,0,'2020-11-27 17:47:25','2020-11-27 17:49:17'),(39,92,46,'Voluptate cumque perspiciatis eum dolor dolores. Enim eos odio quo cupiditate blanditiis nesciunt. Temporibus est accusantium est dolorum et libero. Similique eius a maiores vel similique.',1,1,'2020-11-27 17:47:25','2020-11-27 17:49:17'),(40,52,24,'Voluptatem et quis qui nemo. Est debitis delectus eveniet expedita. Laborum deleniti voluptatibus itaque ipsam error dolore ab. Ut eaque commodi minima libero est debitis quibusdam. Voluptate tempore minus quis laboriosam qui dolores.',1,1,'2020-11-27 17:47:25','2020-11-27 17:49:17'),(41,60,29,'Molestiae adipisci mollitia doloremque voluptatem. Voluptatum rem ipsum molestiae commodi consequatur qui nam voluptatem. Minus doloremque amet sunt corporis. Eos magnam qui quis qui libero.',0,0,'2020-11-27 17:47:25','2020-11-27 17:49:17'),(42,63,29,'Architecto molestias odio dolores nesciunt facilis et fuga. Nobis sapiente rerum quod distinctio voluptates in esse. Incidunt rerum animi nihil minus ut distinctio nemo. Dicta provident optio molestiae. Quam quibusdam totam similique quidem eum ut voluptatem.',1,1,'2020-11-27 17:47:25','2020-11-27 17:49:17'),(43,55,87,'Ipsa aliquid dolorum autem qui sit nisi ut. Sit omnis id voluptatibus. A nesciunt blanditiis qui mollitia aut et veniam dolor.',0,0,'2020-11-27 17:47:25','2020-11-27 17:49:17'),(44,68,81,'Sapiente ratione voluptatibus est occaecati voluptatem ut. Quod quisquam iusto ut. Voluptatem aperiam consequatur et eos ad ipsa ea.',1,0,'2020-11-27 17:47:25','2020-11-27 17:49:17'),(45,99,54,'Cupiditate incidunt autem asperiores et. Fugiat asperiores illum id et aut ut. Fugit et natus dolores ea. Dolorum corporis fuga voluptas distinctio error.',0,0,'2020-11-27 17:47:25','2020-11-27 17:49:17'),(46,71,94,'Occaecati et ipsum sed neque totam. Temporibus laboriosam commodi rem et neque illo vel. Cumque enim nemo nesciunt distinctio. Quis accusamus omnis natus harum sit.',1,1,'2020-11-27 17:47:25','2020-11-27 17:49:17'),(47,58,4,'Quos quaerat esse a aliquam. Sit cumque architecto quae ea et nulla. Laborum sit maxime cum nihil quis id.',0,1,'2020-11-27 17:47:25','2020-11-27 17:49:17'),(48,46,17,'Ab voluptas neque sed temporibus. Nihil quis minima beatae quis omnis. Natus sequi adipisci id odio.',1,0,'2020-11-27 17:47:25','2020-11-27 17:49:17'),(49,47,82,'Sunt minima commodi aut beatae explicabo sint qui. Ea odio aperiam et sed sit voluptatibus. Consequuntur et incidunt enim molestiae tenetur accusantium sed. Omnis iure odit rem esse.',0,1,'2020-11-27 17:47:25','2020-11-27 17:49:17'),(50,68,94,'Aut qui quo veniam quod. Cupiditate corrupti et id esse reprehenderit sint distinctio. Ut aut facilis perferendis. Iste praesentium qui similique aut qui eligendi praesentium.',1,1,'2020-11-27 17:47:25','2020-11-27 17:49:17'),(51,67,52,'Aut qui alias quam. Aut nemo facere voluptates a sed at non.',1,1,'2020-11-27 17:47:25','2020-11-27 17:49:17'),(52,60,41,'Nulla eius dolores consequatur illum. Ut voluptate non optio doloremque hic. Sunt dolore cum occaecati voluptas. Quis tenetur animi excepturi saepe illo.',1,0,'2020-11-27 17:47:25','2020-11-27 17:49:17'),(53,25,4,'Suscipit eligendi animi beatae alias. Laudantium reprehenderit aut voluptatibus et. Autem architecto debitis saepe tempore. Minus reiciendis aspernatur sit veritatis possimus non.',0,1,'2020-11-27 17:47:25','2020-11-27 17:49:17'),(54,42,98,'Porro inventore debitis ex maxime ipsam omnis adipisci. Cum est dolor eum molestias nostrum.',0,0,'2020-11-27 17:47:25','2020-11-27 17:49:17'),(55,65,28,'Autem magni molestiae dolores vel. Repudiandae rerum repudiandae sit corrupti culpa accusamus veritatis. Facere itaque velit nesciunt deserunt libero totam inventore. At debitis enim voluptas quibusdam aliquid.',0,1,'2020-11-27 17:47:25','2020-11-27 17:49:17'),(56,44,36,'Ipsam molestias sapiente sit. Qui sunt ab fugiat velit ut. Perspiciatis non consequatur sapiente sint omnis cumque earum. Harum id id recusandae debitis omnis ullam.',0,1,'2020-11-27 17:47:25','2020-11-27 17:49:17'),(57,46,25,'Nobis facere ullam ducimus dolore. Aut omnis est perspiciatis rerum voluptatem dicta dolores molestiae. Itaque iusto vel libero qui qui sint.',1,0,'2020-11-27 17:47:25','2020-11-27 17:49:17'),(58,85,48,'Doloribus aut possimus nihil aliquid. Quas nihil nihil corporis dignissimos. Ducimus iusto repellat quos doloremque ratione reprehenderit labore saepe. Quasi facere dolores quia.',0,0,'2020-11-27 17:47:25','2020-11-27 17:49:17'),(59,87,90,'Ducimus delectus architecto error ut qui totam aut. Iste voluptatibus est unde pariatur est voluptas. Tenetur error repellendus iure molestias ut.',1,0,'2020-11-27 17:47:25','2020-11-27 17:49:17'),(60,90,77,'Ut in voluptatibus rerum nobis recusandae necessitatibus accusantium. Itaque sed voluptatum tempora id. Eaque minus ipsa mollitia voluptas aut hic.',0,1,'2020-11-27 17:47:25','2020-11-27 17:49:17'),(61,14,40,'Incidunt magnam ipsa qui enim ullam repudiandae omnis consequuntur. Esse facere et mollitia rerum adipisci vitae. Ut ratione qui veritatis amet adipisci quae fugit. Labore harum aliquam ut unde at.',1,1,'2020-11-27 17:47:25','2020-11-27 17:49:17'),(62,58,71,'Consequatur inventore at nulla voluptatem voluptas. Nemo alias nemo ab magnam nesciunt minus. Eos sit sed est nihil velit doloribus autem accusantium. Voluptatem perspiciatis totam quis qui temporibus.',1,1,'2020-11-27 17:47:25','2020-11-27 17:49:17'),(63,77,72,'Error voluptatem nulla rerum voluptas expedita eveniet voluptatum. Hic quaerat in rerum rem autem veniam. Eius dicta veritatis eius et voluptates. Possimus explicabo molestiae sit earum debitis saepe.',0,1,'2020-11-27 17:47:25','2020-11-27 17:49:17'),(64,31,38,'Sunt velit et ab natus nam suscipit. Sed sit deserunt ab aut debitis. Ratione iusto vel non et sed minima.',0,0,'2020-11-27 17:47:25','2020-11-27 17:49:17'),(65,96,64,'Sed in sequi voluptates sed soluta odio alias. Repudiandae qui velit maiores voluptatem velit. Unde sed aut facere fugit. Et dolorem accusamus vitae id quaerat corporis.',1,1,'2020-11-27 17:47:25','2020-11-27 17:49:17'),(66,33,73,'Veniam voluptatem hic veritatis. Ut et optio impedit illum est. Eos ad sequi error ullam earum blanditiis earum.',1,1,'2020-11-27 17:47:25','2020-11-27 17:49:17'),(67,65,6,'Maiores quibusdam magni qui et. Dolorem aliquam molestias molestiae ut veritatis eligendi quo sit. Ut reprehenderit laudantium maiores sapiente beatae quos beatae. Expedita incidunt sit eos earum asperiores.',1,1,'2020-11-27 17:47:25','2020-11-27 17:49:17'),(68,35,55,'Minima placeat consequatur pariatur vel quas natus ab. Voluptas non ut ut fugit. Illum harum eum mollitia ut explicabo quisquam autem.',0,1,'2020-11-27 17:47:25','2020-11-27 17:49:17'),(69,71,88,'Et velit porro doloribus cumque voluptatibus totam nihil. Vel quod voluptas quaerat fugit quia. Repellendus distinctio perferendis tempore voluptatem aut.',0,0,'2020-11-27 17:47:25','2020-11-27 17:49:17'),(70,26,66,'Est et sit hic et nemo reprehenderit. Voluptatum tempora porro enim voluptatem. Incidunt cupiditate odio repellendus enim.',1,1,'2020-11-27 17:47:25','2020-11-27 17:49:17'),(71,52,62,'Dicta nostrum quae fugiat expedita consequatur et dolorem. Nisi fugiat voluptatem esse. Ad laboriosam expedita unde laboriosam voluptatem sit molestiae. Porro temporibus ea voluptatem consequuntur consequatur enim.',0,0,'2020-11-27 17:47:25','2020-11-27 17:49:17'),(72,53,77,'Eius quasi consequatur sit animi aut vero ex. Qui laborum laudantium eos voluptatem ipsum. Cum rem voluptates eum quasi quidem veniam.',0,1,'2020-11-27 17:47:25','2020-11-27 17:49:17'),(73,25,93,'Beatae nihil ea asperiores eos. Qui tenetur facilis enim soluta delectus sit et. Voluptatem quaerat voluptate laboriosam.',0,1,'2020-11-27 17:47:25','2020-11-27 17:49:17'),(74,92,77,'Repellat quos deserunt repellendus non voluptatibus soluta. Suscipit fuga ut est totam asperiores accusamus optio provident. Reprehenderit nihil accusamus facere sapiente. Ab porro non et omnis veritatis.',1,1,'2020-11-27 17:47:25','2020-11-27 17:49:17'),(75,12,29,'Sed nostrum ea suscipit nihil molestiae numquam quod ipsam. Error pariatur est quibusdam dolor. Culpa voluptatem id inventore laboriosam. Commodi quia accusamus quia voluptatem.',0,0,'2020-11-27 17:47:25','2020-11-27 17:49:17'),(76,6,42,'Placeat quae voluptate ut corrupti voluptatum accusantium. Quisquam ut et cupiditate a et ut est. Tenetur dolor quaerat eos autem ex optio. Vero sunt expedita id itaque sed.',0,1,'2020-11-27 17:47:25','2020-11-27 17:49:17'),(77,94,41,'Quas saepe amet animi. Quo ipsum aut possimus consequuntur sed nobis. Modi reprehenderit autem animi officiis dolor dolores.',0,1,'2020-11-27 17:47:25','2020-11-27 17:49:17'),(78,23,93,'Rerum quos tenetur est alias omnis numquam. Molestias nulla dolorum cumque dicta dolore numquam velit beatae. Nobis culpa facere in ad accusantium excepturi vero.',1,1,'2020-11-27 17:47:25','2020-11-27 17:49:17'),(79,93,87,'Voluptate atque non cum facere quas sequi aliquid in. Ut distinctio praesentium voluptate consequatur autem ab accusantium. Minus assumenda et vitae eum. Hic voluptatem qui quia sunt minus.',1,0,'2020-11-27 17:47:25','2020-11-27 17:49:17'),(80,54,8,'Accusantium omnis distinctio adipisci occaecati non optio molestiae. Aut voluptates dignissimos ut harum veritatis ipsum. Ipsa hic magnam vero similique sequi repellendus. Ut eaque temporibus quia sed.',0,0,'2020-11-27 17:47:25','2020-11-27 17:49:17'),(81,81,77,'Sed sunt eligendi nulla aut. Maiores quia inventore eius deleniti distinctio. Labore et odit ut temporibus dicta quam fuga.',1,1,'2020-11-27 17:47:25','2020-11-27 17:49:17'),(82,41,76,'Sit blanditiis et vel sit minus sequi similique. Non nobis et cum aspernatur. Nostrum deserunt nihil voluptas iure.',1,0,'2020-11-27 17:47:25','2020-11-27 17:49:17'),(83,55,46,'Hic et aut ipsam inventore ab quisquam. Sed facilis rem natus necessitatibus ut deleniti. Dolores ratione aperiam eius cum sed aliquid eveniet.',1,0,'2020-11-27 17:47:25','2020-11-27 17:49:17'),(84,63,79,'Id quasi quis exercitationem fugiat. Quia quis eos aperiam omnis. In nulla nulla molestiae itaque ullam. Quae eveniet sed cum veritatis.',0,0,'2020-11-27 17:47:25','2020-11-27 17:49:17'),(85,5,88,'Soluta impedit id maiores facilis. Voluptas architecto aut ducimus repudiandae quia quia ut velit. Eligendi quos atque non facilis temporibus.',0,0,'2020-11-27 17:47:25','2020-11-27 17:49:17'),(86,23,50,'Ipsum et quia voluptate sit quisquam quis ex. Quae in esse aut officiis quasi velit nam. Porro veritatis sed quia voluptatum asperiores. Facilis sed labore esse amet amet asperiores.',1,1,'2020-11-27 17:47:25','2020-11-27 17:49:17'),(87,80,49,'Eos magni eos quia asperiores blanditiis sapiente quidem corrupti. Eius laudantium non minima a impedit ducimus voluptas. Qui ipsa dolores doloribus earum qui consequatur. Possimus soluta qui rem esse sit quia velit.',0,1,'2020-11-27 17:47:25','2020-11-27 17:49:17'),(88,5,76,'Et voluptas aliquam et modi aut illum nihil. Alias harum iure soluta tempora sunt. Incidunt voluptas eos voluptate. Autem vel consequatur consequatur qui.',1,1,'2020-11-27 17:47:25','2020-11-27 17:49:17'),(89,65,98,'Est minus eos rerum nulla laboriosam. Beatae nostrum fugiat rerum impedit ipsam veritatis omnis. Rerum in porro nulla facilis.',0,0,'2020-11-27 17:47:25','2020-11-27 17:49:17'),(90,95,81,'Corporis fugit alias ut est. Ea iste qui ipsum corrupti quod est cupiditate. Voluptas ducimus eveniet et hic.',1,1,'2020-11-27 17:47:25','2020-11-27 17:49:17'),(91,17,42,'Modi autem voluptate facere rem sunt aperiam architecto. Quia quo qui quidem rerum recusandae minus est alias. Ea voluptatem ullam excepturi qui. Vero exercitationem in porro dolorum possimus.',0,1,'2020-11-27 17:47:25','2020-11-27 17:49:17'),(92,58,65,'Aut cumque voluptates ut sed vitae incidunt. Quo nisi repellat et praesentium. Molestiae eum necessitatibus qui. Recusandae dicta molestiae delectus libero accusantium vitae quo iste.',0,0,'2020-11-27 17:47:25','2020-11-27 17:49:17'),(93,51,59,'Aliquam autem inventore soluta explicabo qui molestiae commodi error. Est ullam vitae quia. Qui quia aliquid amet laudantium repellendus. Quasi rerum qui fuga voluptatem ducimus laudantium.',0,0,'2020-11-27 17:47:25','2020-11-27 17:49:17'),(94,43,35,'Quo est et sunt vero vitae et repellat. Laborum provident ut sint vel quia. Eaque vitae deserunt voluptatum sunt ducimus.',1,1,'2020-11-27 17:47:25','2020-11-27 17:49:17'),(95,45,20,'Debitis reprehenderit eos ratione sunt provident sapiente dolorem ipsa. Est cumque non placeat omnis animi doloribus totam. Eos voluptatem et aut officiis eum sunt atque. Architecto iusto molestiae quibusdam ut sit deserunt.',0,0,'2020-11-27 17:47:25','2020-11-27 17:49:17'),(96,63,55,'Totam sint dicta sunt. Qui qui necessitatibus doloribus vel ut quis. Aut quibusdam velit aut aut.',1,1,'2020-11-27 17:47:25','2020-11-27 17:49:17'),(97,84,58,'Iure ea animi voluptatem quod. Vel impedit voluptatum neque iste. Eveniet repellendus animi consectetur aut commodi at. Ipsum cum voluptatem quisquam incidunt qui.',0,0,'2020-11-27 17:47:25','2020-11-27 17:49:17'),(98,34,99,'Voluptatem sint officia similique ut rerum fuga inventore. Dolores incidunt voluptatibus dolorum iure. Quia aut voluptas dolores excepturi accusantium non rem.',1,0,'2020-11-27 17:47:25','2020-11-27 17:49:17'),(99,90,54,'Autem sint laboriosam sed minima temporibus qui maiores. Autem aliquid nesciunt architecto sit fugiat quo. Eum omnis eveniet expedita et eius. Qui ratione sed tempora nobis quam dignissimos.',1,0,'2020-11-27 17:47:25','2020-11-27 17:49:17'),(100,99,31,'Qui error dolores quas. In sint placeat placeat non sed. Rerum ut id reprehenderit beatae provident consectetur. Repudiandae quisquam maxime aperiam quae eaque perferendis. Sint esse tempora recusandae facere.',1,1,'2020-11-27 17:47:25','2020-11-27 17:49:17');
/*!40000 ALTER TABLE `messages` ENABLE KEYS */;
UNLOCK TABLES;

--
-- Table structure for table `post_messages`
--

DROP TABLE IF EXISTS `post_messages`;
/*!40101 SET @saved_cs_client     = @@character_set_client */;
/*!40101 SET character_set_client = utf8 */;
CREATE TABLE `post_messages` (
  `id` int unsigned NOT NULL AUTO_INCREMENT COMMENT 'Идентификатор поста или комментария',
  `communities_id` int unsigned NOT NULL COMMENT 'Ссылка на сообщество',
  `post_comment_id` int unsigned NOT NULL COMMENT 'Ссылка на пост или комментарий',
  `post_user_id` int unsigned NOT NULL COMMENT 'Ссылка на отправителя поста или комментария',
  `body` text CHARACTER SET utf8 COLLATE utf8_unicode_ci NOT NULL COMMENT 'Текст сообщения',
  `is_moderate` tinyint(1) DEFAULT '0' COMMENT 'Признак публикации модератором сообщества, True сообщение опубликовано',
  `count_like` int unsigned DEFAULT '0' COMMENT 'Счетчик лайков',
  `created_at` datetime DEFAULT CURRENT_TIMESTAMP COMMENT 'Время создания строки',
  `updated_at` datetime DEFAULT CURRENT_TIMESTAMP ON UPDATE CURRENT_TIMESTAMP COMMENT 'Время обновления строки',
  PRIMARY KEY (`id`),
  KEY `IDX_POST` (`communities_id`,`post_comment_id`) COMMENT 'Индекс по сообществам и коментариям '
) ENGINE=InnoDB AUTO_INCREMENT=101 DEFAULT CHARSET=utf8 COLLATE=utf8_unicode_ci COMMENT='Сообщения в сообществах';
/*!40101 SET character_set_client = @saved_cs_client */;

--
-- Dumping data for table `post_messages`
--

LOCK TABLES `post_messages` WRITE;
/*!40000 ALTER TABLE `post_messages` DISABLE KEYS */;
INSERT INTO `post_messages` VALUES (1,1,79,1,'Inventore est iste id est nisi aspernatur doloremque. Cum corporis temporibus delectus distinctio. Assumenda exercitationem et adipisci blanditiis est est. Consequuntur illo iste ipsa molestiae vel tenetur quis consequatur.',1,2,'2007-11-28 12:45:09','1990-04-08 16:34:21'),(2,2,77,2,'Ut et minus est eius eaque dolores aperiam. Molestiae omnis minus facere voluptas saepe doloremque expedita. Et modi aspernatur aliquid corporis excepturi. Sunt sit quo in voluptatem.',1,2,'2001-02-12 00:49:41','2007-03-08 09:35:58'),(3,3,78,3,'Enim ut laboriosam cumque maiores eos sit explicabo quis. Blanditiis consequatur voluptas ullam et minus aspernatur. Dolorem et soluta ratione aut.',1,3,'2001-12-14 05:21:28','1994-07-20 02:14:48'),(4,4,2,4,'Ut et quisquam necessitatibus molestias et architecto perspiciatis. Doloremque eaque temporibus nisi necessitatibus eum. Quaerat aperiam quam est a unde enim.',0,10,'1998-12-21 20:30:09','2007-01-21 14:28:51'),(5,5,12,5,'Deleniti eos est id nam expedita a. Voluptates et voluptatem voluptatum natus molestias molestiae ut. Et officiis qui doloribus quia vero veritatis. Minus fuga distinctio velit et tenetur cupiditate et.',0,3,'1989-05-11 09:34:49','1987-05-27 14:12:40'),(6,6,65,6,'Explicabo aut et incidunt omnis labore quo officia. Qui sint possimus autem et velit. Commodi id voluptatem tempora esse et aliquam ipsam velit.',1,9,'1984-04-29 07:52:12','2020-09-12 05:06:06'),(7,7,85,7,'Quis id adipisci sint quasi assumenda. Qui aperiam rem dicta harum ut blanditiis. Quis repudiandae dolor quidem a earum. Praesentium rerum aut veniam officia.',1,5,'2011-02-28 22:11:29','2001-10-12 08:14:46'),(8,8,97,8,'Hic accusamus qui dolores. Veritatis illo aperiam iste cupiditate omnis. Error itaque illo ut quia ut.',0,10,'2019-08-11 03:50:39','2014-06-17 10:38:39'),(9,9,58,9,'Fugit nam non soluta alias sunt aut natus. Non praesentium earum architecto beatae soluta laborum. Labore tempora deleniti ea nam est. Fugiat iusto illum ut quos iste quas quia.',1,10,'2008-02-16 01:50:22','1979-08-17 00:37:38'),(10,10,11,10,'Harum amet voluptatibus totam dolores accusamus esse fuga. Ut voluptates molestiae quam tempore. Sed et cumque dolor omnis maxime. Aut ratione quia corrupti eaque perspiciatis nihil consectetur.',0,10,'1977-06-10 12:54:37','1971-04-05 07:01:05'),(11,11,6,11,'Ipsa cupiditate et est aspernatur magnam vero. Nulla ut voluptatem et fuga asperiores voluptatem odio. Quam non nobis sed labore velit. Modi modi tempore dolorum dolorem voluptates illo nesciunt.',0,3,'1979-12-06 15:30:55','1973-08-29 05:19:01'),(12,12,20,12,'Sunt a distinctio dignissimos cumque labore fuga illo. Facere voluptatem tenetur et et. Sit sed sed aperiam aut amet facere sed. Cum voluptatum nulla aspernatur harum corporis.',0,5,'1979-06-22 17:04:15','1979-03-07 13:07:40'),(13,13,67,13,'Quidem et omnis veniam voluptas. Consequatur rerum at autem id. Non et ut laudantium sunt voluptas.',0,8,'1988-09-27 18:15:28','2010-07-31 02:42:30'),(14,14,66,14,'Rerum eius quos recusandae eum voluptatem magnam et. Veniam magni amet sequi et illo. Debitis at et tenetur sit autem.',0,2,'1976-06-16 15:58:24','1975-05-25 10:11:51'),(15,15,50,15,'Et debitis omnis ut aut. Odit facere sit suscipit voluptas qui. Inventore reiciendis expedita eum dolorem voluptatem voluptatibus autem inventore. Cumque deleniti maiores repellat dignissimos.',1,3,'2005-11-15 23:17:44','1998-07-22 00:42:17'),(16,16,2,16,'Eligendi facere est quisquam eligendi sit. Doloribus placeat mollitia minus sit. Sapiente iste eveniet perspiciatis quia quam quod cum.',0,6,'2019-12-11 17:26:09','1996-07-11 04:29:50'),(17,17,94,17,'Quasi impedit eveniet reprehenderit. Sint ipsum laudantium aperiam tempora. Deleniti ut possimus consectetur et eaque dolor repellendus. Quam eum ratione et voluptatem.',1,9,'2004-05-12 16:54:12','1981-04-11 22:23:26'),(18,18,1,18,'Voluptatem sint ea voluptatibus cum. Laborum aperiam rerum aut.',0,1,'1971-04-02 08:41:50','2011-07-12 20:13:37'),(19,19,42,19,'Quia voluptatem sit est in blanditiis autem. Autem architecto non aspernatur et earum. Sunt repellendus pariatur eaque.',1,2,'1987-10-07 13:31:26','2015-12-14 16:29:29'),(20,20,78,20,'Molestias nesciunt ut ea suscipit est ab voluptatem. Sit accusamus dolorem consequatur corrupti neque quod. Laudantium dignissimos hic deleniti non velit. In doloremque rerum ducimus error rerum velit.',0,8,'2011-05-08 18:41:38','1992-05-30 20:55:26'),(21,21,17,21,'Voluptas voluptates corporis voluptates. Eveniet quae placeat est quis rerum ipsa. Fugiat et nisi voluptatem.',1,2,'2017-01-31 00:40:15','1995-12-12 22:46:30'),(22,22,86,22,'Dolorem aspernatur et hic qui odit nemo rerum. Officia aut in voluptatem rerum et voluptatem qui. Non magnam distinctio atque placeat voluptas qui quaerat. Maiores amet libero at saepe doloremque fugiat vitae.',1,8,'1993-04-23 15:54:17','1974-02-24 00:26:55'),(23,23,88,23,'Facilis nihil et optio unde nulla vel. Quos esse perspiciatis sit qui maiores magnam. Fuga ratione est sit beatae perspiciatis accusamus corrupti temporibus.',1,1,'1985-09-26 03:45:09','2013-01-25 06:16:26'),(24,24,38,24,'Et qui iure aut quia. Id omnis nostrum aspernatur architecto vel reprehenderit autem. Voluptate et repellat ipsum quia hic.',1,7,'2014-11-05 02:35:01','1999-02-01 14:00:39'),(25,25,10,25,'Impedit aut eaque sit. Sint distinctio enim consectetur ut qui et. Quod ipsam facere dolorem aut eos quae architecto non.',1,6,'1976-07-14 19:35:27','1986-11-01 05:12:25'),(26,26,1,26,'Vitae expedita omnis quia mollitia ea. Est quo consectetur incidunt id aut.',1,5,'1986-03-25 06:45:52','1999-09-25 00:46:19'),(27,27,53,27,'Animi temporibus modi optio doloribus. Aliquam qui doloribus quasi labore laboriosam. Veritatis voluptas facilis voluptatum. Quod iure mollitia facilis consequuntur aut.',0,5,'2010-01-15 02:16:05','1975-09-04 13:42:38'),(28,28,1,28,'Debitis aut eaque esse voluptatem sed ut quo. Accusantium nostrum assumenda ullam id distinctio voluptas. Quis voluptatum repudiandae consequatur at non architecto a. Velit iste eligendi distinctio quidem voluptatem.',0,2,'1981-06-30 18:50:33','2016-11-20 14:44:59'),(29,29,80,29,'Nulla quo quasi omnis atque ea optio aut. Quis tenetur nobis dolorem. Aut laboriosam ea natus aliquid quae laudantium at ab.',0,8,'2010-01-07 19:18:35','1980-04-13 08:42:35'),(30,30,71,30,'Amet ex quo vel veritatis. Minima laudantium numquam dolores maxime velit laboriosam. Alias cumque voluptas dolor maiores voluptatem quam consectetur.',0,2,'1986-08-30 21:43:23','2010-12-05 15:00:25'),(31,31,97,31,'Doloremque voluptas quas animi eaque neque. Laborum necessitatibus tempora aut quas est ut aliquid repellat. Laborum doloribus reiciendis consequuntur et deserunt. Quidem ipsum reiciendis non non non nulla. Eligendi quod molestiae rerum autem vitae ex dolorem.',0,4,'1982-09-30 01:40:05','1998-05-10 19:59:11'),(32,32,1,32,'Atque sed distinctio blanditiis nemo magni. Iusto nihil voluptas sed saepe. Molestiae esse saepe a cupiditate. Commodi assumenda impedit qui enim et error sequi.',0,1,'1971-04-29 21:12:25','2006-01-11 21:41:46'),(33,33,6,33,'Ducimus repellendus eos ut dolorem omnis. Amet itaque ipsam sed nihil. Aut maiores explicabo repudiandae id quo ut. Qui omnis ad molestias nam aut laboriosam aperiam.',1,9,'1999-04-07 20:01:21','1972-01-12 23:32:38'),(34,34,89,34,'Voluptas autem ducimus minus qui. Ipsam reprehenderit ea quia est. Quo nemo placeat sed repellat molestiae. Qui omnis animi voluptatem dolore veritatis aut perferendis.',0,2,'2011-12-29 00:35:48','1999-07-08 10:35:58'),(35,35,91,35,'Et voluptas ullam repellendus voluptas inventore ut. Illo similique accusantium repellendus dolores id aut enim.',0,10,'2001-11-18 02:21:55','2020-10-19 18:07:17'),(36,36,28,36,'Et vitae expedita similique cum quam veniam tempore. Eum modi rerum quo neque. Incidunt quia est explicabo et. Cum non nesciunt nesciunt molestiae et voluptatem fugiat.',1,6,'1982-06-04 07:02:05','1978-12-30 23:54:07'),(37,37,97,37,'Quia fugit hic voluptatem nesciunt nobis distinctio qui ad. Harum dolor eos enim labore. Nulla fuga et eos rerum sapiente quo est. Minus ex facere sunt accusantium.',0,8,'1979-08-28 00:17:43','1995-12-22 08:49:45'),(38,38,39,38,'Eligendi quibusdam non voluptatem magni minima. Rerum voluptatibus ut et. Quod velit rerum veniam possimus omnis quae quis. Quos quam expedita aut. Non modi ut exercitationem aspernatur adipisci ipsam blanditiis quo.',0,7,'2000-12-01 14:12:44','2002-03-03 10:55:15'),(39,39,74,39,'Blanditiis officiis cumque quidem dignissimos repudiandae vero laudantium possimus. Rerum cum et accusantium magni. Rerum dignissimos debitis rerum quidem.',0,1,'1978-03-14 01:11:29','2004-07-04 13:59:17'),(40,40,67,40,'Et et est vitae similique. Impedit quia vero hic incidunt atque minus. Laborum praesentium asperiores soluta.',0,7,'1994-06-03 04:05:06','1971-03-17 22:20:01'),(41,41,90,41,'Repudiandae quia unde ex. Rerum commodi ut blanditiis ut deleniti harum. Ut totam occaecati a odit nemo.',0,10,'2001-07-20 19:20:40','2011-07-10 14:39:08'),(42,42,43,42,'Aperiam voluptatem aspernatur qui ut et. Laborum sit quis molestias et laborum. Quia delectus consectetur vel minus. Alias fuga nisi ut aut optio. Eum voluptatem corrupti maxime dicta.',1,9,'1996-02-16 18:49:11','2019-09-27 06:39:42'),(43,43,46,43,'Totam doloribus voluptatem aut dolorem enim sed. Qui ea nostrum recusandae doloribus. Dolorem sed sed et illum similique laborum. Veritatis fugiat qui et ut voluptatibus odit ut voluptatibus. Nulla officiis ut tempore qui sunt explicabo rerum.',0,7,'2020-10-29 17:34:37','2010-10-11 05:08:10'),(44,44,86,44,'Culpa et libero quibusdam perspiciatis ut alias distinctio. Quae est est laudantium quae molestias. Quisquam maxime rerum officiis architecto officia est quae. Autem est facilis eaque facilis et placeat. Architecto cupiditate itaque provident delectus.',0,8,'1999-08-13 10:35:54','1978-12-08 20:39:03'),(45,45,61,45,'Qui minima tempore officia eos cumque. Nesciunt at molestiae sunt. Recusandae consequatur autem eius et. Magnam dolorem dolores impedit id ducimus consequuntur et magnam.',0,8,'1977-06-10 17:12:33','2001-06-01 14:17:28'),(46,46,8,46,'Distinctio in vero explicabo voluptatem est autem repellendus laboriosam. Id quis dicta quia cumque qui voluptatum. Qui rem nisi corrupti unde numquam veritatis iusto error.',0,8,'2009-11-14 13:28:34','1995-03-22 01:33:07'),(47,47,5,47,'Harum ex rerum enim. In iusto perspiciatis ullam rerum non. Repellendus eum blanditiis minus odio.',0,6,'2012-03-14 17:31:10','1975-07-14 03:09:12'),(48,48,85,48,'Rerum quaerat quo nostrum cupiditate. Sint dolores architecto sit rerum. Optio qui nihil et sit. Error ex vel voluptatibus sit qui nobis.',0,5,'1972-11-12 19:32:39','1979-05-10 01:17:07'),(49,49,89,49,'Similique id harum at. Eaque et consequatur reiciendis autem eius itaque dicta ipsum. Aut eos rem aut recusandae in quia.',0,2,'2019-12-13 17:07:17','1998-05-26 18:11:22'),(50,50,79,50,'Natus fuga sint amet sequi. Sequi voluptatem consequuntur sint et adipisci rerum. Perferendis sunt cumque aut voluptatum natus.',1,2,'2002-11-28 02:21:37','1995-05-02 18:43:33'),(51,51,82,51,'Ipsa fuga architecto quas eveniet quia. Ut officia ut provident sed. Et modi maiores ex veritatis. Minus quia molestias optio repellendus ut.',1,6,'1986-11-25 03:23:43','1973-12-20 18:00:12'),(52,52,15,52,'Sunt reiciendis laborum aut odio. Unde nobis aut officiis sequi. Explicabo magnam minus quo sint nam et dolorem hic. Harum et molestias cumque.',1,1,'1980-08-21 06:18:50','1995-11-02 15:17:51'),(53,53,19,53,'Et officia tenetur aut perferendis. Eos cupiditate fuga esse maiores et illum atque. Omnis molestiae et quae eaque.',1,1,'1975-07-08 05:01:57','1997-12-24 01:48:17'),(54,54,89,54,'Quisquam sint ut ea sunt. Molestias odio corrupti perspiciatis id. Vel tenetur nobis et. Mollitia est ipsam sint commodi non reprehenderit molestias similique.',1,1,'1986-10-10 02:04:26','1991-02-06 04:12:18'),(55,55,70,55,'Consequatur doloremque ea vel dolor ipsam aut commodi. Totam doloribus quos asperiores consequatur et ipsum ut. Fugit voluptatem quos quae quis qui assumenda.',0,1,'1977-01-15 03:03:05','2001-01-31 06:08:01'),(56,56,60,56,'Rem optio ut aliquam ipsum. Consequatur quia aut deserunt iure quos.',0,5,'1971-06-18 14:49:05','1994-08-21 00:54:37'),(57,57,50,57,'Quia et et ut. In praesentium magnam tempora aut et. Sunt reiciendis reprehenderit itaque vitae blanditiis. Et explicabo ipsa accusantium consequatur provident labore.',0,6,'1992-01-13 16:47:52','1997-08-28 20:46:04'),(58,58,37,58,'Ipsam sint dolorem dolorem illo asperiores placeat. Est inventore aut excepturi doloremque. Corrupti tempore molestias sunt corporis non. Quos quibusdam voluptate impedit corporis at sunt.',0,3,'2002-11-03 07:39:16','1973-11-17 23:36:33'),(59,59,66,59,'Odio reprehenderit harum voluptatibus molestiae et. Autem sit fuga est ut hic veritatis dignissimos. Magni exercitationem nemo velit labore ut totam. Ducimus non quidem vero nesciunt.',0,9,'1988-09-08 13:25:05','2016-10-18 06:17:04'),(60,60,48,60,'Facere commodi quos eum cumque laborum cupiditate quidem aut. Sit inventore facilis facilis officia doloremque veritatis iste. Libero voluptatem dolorum voluptatem nostrum dolorum quam ut nemo. Error voluptatem aut ducimus deserunt.',1,9,'2016-05-26 10:27:34','2005-05-14 13:32:11'),(61,61,26,61,'Debitis quidem quas veniam sapiente sed. Molestiae ex nostrum nisi. Et consequatur sint sapiente eum et dolore animi.',0,10,'1974-04-12 00:16:34','2008-05-24 13:06:43'),(62,62,60,62,'Rerum ducimus est officia recusandae ad qui. Et in architecto occaecati hic dicta pariatur.',0,2,'2009-10-19 04:45:11','2000-04-02 06:09:10'),(63,63,13,63,'Ratione occaecati ullam dicta et odit eligendi. Dolorem qui et consectetur exercitationem est dolorem minima at. Et deleniti doloribus autem molestias rem. Aliquam est sunt ea quia sint.',0,10,'1993-08-28 07:15:58','1972-09-24 04:07:57'),(64,64,90,64,'Aut nemo veritatis aliquam aut ea et. Aut est fuga officiis itaque quidem. Ullam aperiam aspernatur commodi mollitia quaerat consectetur magni.',0,3,'1998-11-19 22:48:39','1982-06-14 01:42:02'),(65,65,23,65,'Mollitia sunt voluptatum voluptates officiis voluptatem cum enim. Inventore non quisquam esse. Deserunt ut quae quibusdam cupiditate veniam neque.',1,7,'1974-05-16 13:15:25','2008-11-04 20:43:28'),(66,66,56,66,'Voluptatibus explicabo optio doloremque soluta. Optio esse iure porro consequatur consequuntur quos. Laudantium rerum quidem nam facere voluptas. Assumenda quisquam incidunt consequuntur veritatis dolores culpa quia.',1,3,'1979-04-11 06:01:00','2008-07-26 16:42:23'),(67,67,90,67,'Totam porro quisquam necessitatibus vitae exercitationem laudantium doloremque. Qui quisquam qui enim esse voluptate aperiam. Molestias qui facilis perspiciatis quod consequatur rem ea libero. Quibusdam dolores cupiditate porro voluptates.',0,7,'1976-12-31 21:19:17','1987-11-26 18:54:16'),(68,68,43,68,'Culpa alias officia est eius nulla voluptas. Repudiandae rerum perspiciatis ut recusandae quis delectus corrupti. Nemo qui et fuga qui adipisci voluptatibus unde suscipit. Totam ut commodi quibusdam qui et modi iste.',1,3,'1987-02-22 04:07:09','1999-06-15 15:07:13'),(69,69,42,69,'Et voluptatem id aliquam atque velit blanditiis. Et iste blanditiis ex sed laborum. Natus et et sint modi excepturi. Quod nihil laboriosam expedita occaecati necessitatibus aspernatur.',0,8,'1991-06-25 06:43:51','1999-03-02 05:59:29'),(70,70,32,70,'Consequatur aperiam aut ea rerum sint. Quibusdam nesciunt quos sit quia non est illum. Error soluta ipsa facilis sequi officia et est est. In qui dignissimos et facilis qui sit.',1,1,'1980-05-02 13:57:10','1985-03-01 05:30:18'),(71,71,78,71,'Ut ut rerum consequatur aperiam non tempora quam. Est excepturi minima in nihil. Et voluptatem esse repellendus molestias.',1,3,'1974-08-26 06:18:55','1991-12-21 11:23:24'),(72,72,69,72,'Ad veniam sunt vitae ea omnis. Sed sunt voluptatem porro totam quidem est qui. Sit quia aut et animi. Soluta numquam eum nam id asperiores et id.',1,8,'1974-10-25 17:49:26','1975-01-06 19:04:45'),(73,73,28,73,'Sunt eum quia in voluptates vero dolor. Rerum expedita debitis libero et delectus praesentium fugiat. Explicabo accusamus esse aliquid repellendus temporibus.',0,4,'2008-07-11 19:18:31','1974-11-16 15:43:53'),(74,74,61,74,'Quasi consectetur qui exercitationem saepe. Ducimus itaque impedit aut recusandae porro aut beatae. Sequi sunt quo est architecto itaque rem. Delectus et repellat omnis saepe et.',0,1,'2011-02-28 02:05:45','1997-06-27 12:19:24'),(75,75,31,75,'Repellat nam rerum sed sed natus. Explicabo eligendi voluptatibus tempora ut necessitatibus similique iure. Qui ea dolorem consequuntur ea inventore aut delectus eos. Ad aliquam dolores inventore omnis. Cumque fugit totam non ipsa illo.',1,10,'2017-03-13 14:41:54','2017-04-16 16:46:15'),(76,76,13,76,'Quisquam voluptate incidunt non et consequatur aspernatur. Iusto animi ipsum nulla quia non aspernatur. Enim quos dignissimos incidunt aperiam et sed. Veritatis adipisci harum natus molestiae labore. Et id id accusantium ea odit aut exercitationem.',0,4,'1984-09-23 00:32:28','1970-08-10 00:34:37'),(77,77,90,77,'Incidunt dignissimos ullam porro. Ipsum facilis porro eos cupiditate aut dolores tenetur. Vel dolorum voluptas molestiae.',1,1,'1975-03-29 07:03:18','1974-01-20 08:05:53'),(78,78,24,78,'Rerum accusantium qui fuga iure est. Iusto ullam qui saepe et corrupti.',0,5,'1980-12-24 13:26:23','2003-06-18 15:44:11'),(79,79,61,79,'Asperiores amet accusantium voluptatem voluptate. Sint et corrupti a aut veniam a. Repellat quis ullam est labore dolor fuga. Labore sunt nihil in voluptas quae magnam.',0,9,'1989-02-28 04:06:18','1989-11-27 00:33:38'),(80,80,29,80,'Et dolor et mollitia. Illo quaerat necessitatibus placeat molestiae aut totam excepturi pariatur. Eligendi ut quidem architecto dolores eius.',0,1,'2016-10-18 21:43:09','2020-02-01 15:13:59'),(81,81,9,81,'Magnam molestiae ducimus eligendi qui error corporis. Praesentium est accusantium reiciendis quis. Vel consequatur distinctio nulla dolorem.',1,3,'2000-03-08 14:04:55','2009-07-29 10:25:14'),(82,82,3,82,'Dicta enim qui alias totam. Vel quo autem dolores omnis maiores. Nesciunt dignissimos libero ut vitae debitis. Autem quas accusamus aut quibusdam.',1,4,'1996-05-06 11:08:23','2018-03-05 03:06:26'),(83,83,66,83,'Recusandae omnis sequi ut. Autem delectus quasi placeat incidunt. Quis tempora consequuntur quia iusto perspiciatis.',1,4,'1977-08-12 09:23:26','1976-10-01 14:08:09'),(84,84,32,84,'Molestias sed mollitia cupiditate quos neque. Aperiam sunt aperiam quam illum dignissimos temporibus repellat. Praesentium aut quae eum distinctio.',0,4,'1991-01-16 03:55:50','1982-10-11 09:58:31'),(85,85,53,85,'Aut aut voluptatum aut delectus dolorum pariatur non. Qui ratione ut quia iste eos modi deleniti. Ipsum molestias assumenda molestiae consequatur illum natus.',1,10,'2003-09-24 22:10:30','2016-07-15 12:18:33'),(86,86,87,86,'Voluptate amet eius dolorem in quis qui. Reprehenderit corporis sint fugit maxime et. Voluptatem sequi inventore voluptates odit. Id necessitatibus ut sed molestiae sunt et excepturi.',1,4,'2009-01-18 09:33:43','1977-09-12 03:48:48'),(87,87,11,87,'Quia porro corporis eos hic molestiae illo est autem. Aliquid quia qui nesciunt et distinctio iusto omnis. Ipsum quis quo nam ut tenetur fuga itaque cupiditate.',1,10,'2009-11-01 16:25:17','1987-02-22 20:56:14'),(88,88,92,88,'Aspernatur nihil voluptate blanditiis laborum dolores et. Voluptas quam reprehenderit sequi rerum molestias. Totam sit velit sit impedit itaque exercitationem nulla. Ullam beatae repudiandae enim qui tempore suscipit.',0,10,'2015-04-06 19:50:02','1971-12-27 21:28:47'),(89,89,25,89,'Repellendus sed aut dolorem quidem. Adipisci sequi in architecto facere soluta quia ab. Iure doloribus error incidunt harum ipsa eum.',0,10,'1980-12-15 07:40:24','1999-09-12 01:57:39'),(90,90,85,90,'Voluptatem nam recusandae adipisci amet. Labore sed exercitationem eum quam dolor recusandae praesentium ut.',0,2,'2003-06-15 18:49:05','1983-08-08 01:24:05'),(91,91,19,91,'Ut fugit ducimus sint sit fuga quidem molestiae. Occaecati ut optio et debitis. Cum itaque velit tempora ut ducimus eum.',0,9,'1990-10-25 16:11:11','2002-12-05 23:01:47'),(92,92,41,92,'Vitae perspiciatis quae ullam nemo ut voluptatem. Architecto ea velit veniam ut. Voluptatibus architecto aut consequatur labore placeat dolorum dolorum dolores.',1,5,'1980-05-24 10:53:20','2011-09-27 09:40:52'),(93,93,38,93,'Enim facilis non mollitia dolores explicabo. Vel voluptatem voluptas sit quas nostrum suscipit minus. Et omnis doloremque optio consectetur placeat laboriosam ducimus. Tempore in voluptatem quod adipisci.',1,3,'2016-09-05 22:52:54','1986-08-06 13:35:21'),(94,94,48,94,'Reiciendis repudiandae consequuntur nobis totam quaerat temporibus amet. Saepe corporis consequatur unde quod facere. Autem dolor culpa aut omnis.',0,2,'2003-10-05 06:28:05','2007-11-23 22:47:55'),(95,95,1,95,'Eveniet nobis amet est laboriosam dolorum accusantium. Iure esse suscipit unde incidunt. Sit corrupti nobis blanditiis qui qui. Sint cupiditate pariatur et aut est unde possimus. Accusamus ipsam reiciendis ut fuga omnis sed.',1,9,'1989-11-15 18:33:55','1976-07-26 15:18:26'),(96,96,80,96,'Illum voluptatem eius consequatur. Voluptatem voluptates architecto laudantium consequuntur. Blanditiis assumenda et molestiae vero temporibus fuga.',0,6,'1973-07-16 17:58:24','1997-04-28 08:54:04'),(97,97,50,97,'Dolor dignissimos illum ratione voluptas quas ut voluptas. Dolores cumque qui dolorem alias. Reprehenderit doloremque asperiores id similique quis eligendi tempora. Pariatur ut cupiditate molestiae cumque beatae.',0,7,'1987-03-30 02:29:23','1983-10-08 04:53:35'),(98,98,98,98,'Aut molestias et sed ab. Reiciendis quo dicta et quaerat nihil fugiat.',1,2,'1996-11-12 04:55:08','2008-11-06 08:25:00'),(99,99,50,99,'Qui assumenda praesentium totam nobis. Qui quia quia adipisci placeat cum.',0,1,'2009-05-06 04:58:31','1988-10-13 13:39:33'),(100,100,26,100,'Iste sunt aut sit aspernatur quia. Odit ut aut reprehenderit numquam est itaque. Consequatur repellendus iure commodi. Aperiam nulla debitis cum quis.',1,9,'1979-10-21 04:49:18','1986-11-05 05:59:35');
/*!40000 ALTER TABLE `post_messages` ENABLE KEYS */;
UNLOCK TABLES;

--
-- Table structure for table `profiles`
--

DROP TABLE IF EXISTS `profiles`;
/*!40101 SET @saved_cs_client     = @@character_set_client */;
/*!40101 SET character_set_client = utf8 */;
CREATE TABLE `profiles` (
  `user_id` int unsigned NOT NULL COMMENT 'Ссылка на пользователя',
  `url_short_name` varchar(255) COLLATE utf8_unicode_ci DEFAULT NULL COMMENT 'Короткая ссылка - псевдоним пользователя',
  `birthday` date DEFAULT NULL COMMENT 'Дата рождения',
  `photo_id` int unsigned DEFAULT NULL COMMENT 'Ссылка на основную фотографию пользователя',
  `status_id` int DEFAULT NULL COMMENT 'Текущий статус',
  `gender_id` int DEFAULT NULL COMMENT 'Идентификатор пола',
  `country_id` int DEFAULT NULL COMMENT 'Текущий статус',
  `city` varchar(130) CHARACTER SET utf8 COLLATE utf8_unicode_ci DEFAULT NULL COMMENT 'Город проживания',
  `created_at` datetime DEFAULT CURRENT_TIMESTAMP COMMENT 'Время создания строки',
  `updated_at` datetime DEFAULT CURRENT_TIMESTAMP ON UPDATE CURRENT_TIMESTAMP COMMENT 'Время обновления строки',
  PRIMARY KEY (`user_id`),
  UNIQUE KEY `url_name` (`url_short_name`),
  UNIQUE KEY `url_short_name` (`url_short_name`)
) ENGINE=InnoDB DEFAULT CHARSET=utf8 COLLATE=utf8_unicode_ci COMMENT='Профили';
/*!40101 SET character_set_client = @saved_cs_client */;

--
-- Dumping data for table `profiles`
--

LOCK TABLES `profiles` WRITE;
/*!40000 ALTER TABLE `profiles` DISABLE KEYS */;
INSERT INTO `profiles` VALUES (1,'Germaine_Aufderhar','1978-01-29',3,9,1,235,'Johnsonville','1976-02-19 16:00:57','2020-11-27 04:27:55'),(2,'Margot_Wolf','1989-06-15',27,10,2,208,'South Clarkton','1989-11-14 12:19:51','2020-11-27 04:27:55'),(3,'Rosalia_Rodriguez','1988-08-19',24,8,1,142,'Pacochaland','2015-01-21 19:05:38','2020-11-27 04:27:55'),(4,'Myriam_Quitzon','1983-10-07',39,8,2,158,'Vellamouth','1975-12-24 20:22:55','2020-11-27 04:27:55'),(5,'Florida_Smith','1983-07-05',23,6,1,99,'New Alexanneborough','2006-08-07 20:03:34','2020-11-27 04:27:55'),(6,'Deron_Wintheiser','2011-04-11',99,1,1,46,'Evelyntown','1973-05-23 13:40:28','2020-11-27 04:27:55'),(7,'Mattie_Will','1976-03-22',23,4,1,218,'East Casey','2011-12-05 15:37:31','2020-11-27 04:27:55'),(8,'Duncan_Howe','2002-11-23',16,3,1,150,'Brendanfort','1987-09-23 06:20:12','2020-11-27 04:27:55'),(9,'Reba_Emard','2013-08-28',14,3,2,80,'Fionaborough','2003-12-12 17:17:04','2020-11-27 04:27:55'),(10,'Freeman_Mitchell','1992-05-15',21,6,2,57,'North Haskell','1978-06-01 08:58:05','2020-11-27 04:27:55'),(11,'Alek_Schuster','2004-01-18',61,1,2,49,'North Rafaelamouth','2004-01-19 23:56:12','2020-11-27 04:27:55'),(12,'Henderson_Brown','2014-07-13',41,1,1,203,'East Nora','1979-05-19 19:04:20','2020-11-27 04:27:55'),(13,'Fannie_Reynolds','1988-07-23',23,5,2,38,'West Leland','2009-10-17 23:47:19','2020-11-27 04:27:55'),(14,'Clementina_Harvey','2015-10-02',90,9,2,116,'Lake Kara','2014-05-21 12:58:06','2020-11-27 04:27:55'),(15,'Waldo_Koch','2015-12-12',80,1,1,109,'Ansleybury','2010-06-27 23:06:20','2020-11-27 04:27:55'),(16,'Chester_Franecki','2005-07-10',28,10,2,165,'Cummingsfurt','2015-10-21 03:57:37','2020-11-27 04:27:55'),(17,'Kasandra_Wisozk','2004-04-29',3,8,2,108,'Wittingchester','1999-02-08 04:10:04','2020-11-27 04:27:55'),(18,'Augustine_Greenholt','1970-08-15',27,7,2,19,'South Preciousshire','1983-01-22 11:32:02','2020-11-27 04:27:55'),(19,'Bernice_Keeling','2014-10-08',29,2,2,148,'Bergnaumfort','1987-06-06 02:47:34','2020-11-27 04:27:55'),(20,'Leonor_Zboncak','2020-05-20',62,2,1,116,'Alysafort','1999-12-03 09:19:52','2020-11-27 04:27:55'),(21,'Arthur_Weimann','2008-06-02',21,8,2,66,'Port Samanthachester','1971-01-09 08:53:24','2020-11-27 04:27:55'),(22,'Alyson_Nader','1975-04-11',20,2,1,38,'West Nayeliburgh','1979-10-12 02:34:39','2020-11-27 04:27:55'),(23,'Nolan_Quigley','1980-10-23',37,1,1,104,'Gislasonmouth','2005-04-19 13:49:53','2020-11-27 04:27:55'),(24,'Wilburn_Gleichner','1982-02-04',25,9,1,66,'East Kelsieview','2006-03-04 16:25:02','2020-11-27 04:27:55'),(25,'Mary_Robel','1972-11-17',13,4,1,130,'North Shannatown','1970-09-15 06:02:34','2020-11-27 04:27:55'),(26,'Mariam_Metz','1974-06-27',91,5,1,70,'Madelynnton','2016-10-28 12:42:31','2020-11-27 04:27:55'),(27,'Cheyanne_Schuppe','1972-01-25',13,7,2,6,'Rachellefurt','1998-01-03 19:09:28','2020-11-27 04:27:55'),(28,'Rafaela_Kris','1985-10-11',90,1,1,80,'North Dan','1975-11-16 03:44:06','2020-11-27 04:27:55'),(29,'Euna_Schaefer','2007-11-17',14,3,2,42,'Huelsport','2013-02-08 17:14:49','2020-11-27 04:27:55'),(30,'Lea_Lueilwitz','1982-10-26',98,7,1,217,'Herminashire','2002-11-14 11:19:13','2020-11-27 04:27:55'),(31,'Aileen_Koelpin','1994-05-12',49,3,1,196,'North Rosellastad','1978-02-03 20:54:39','2020-11-27 04:27:55'),(32,'Khalil_Labadie','1976-01-22',52,10,2,123,'East Antoinetteberg','2003-06-14 15:17:28','2020-11-27 04:27:55'),(33,'Gia_Gottlieb','1982-01-23',9,3,2,60,'South Amelieside','2015-07-24 07:14:40','2020-11-27 04:27:55'),(34,'Bell_Greenholt','1994-10-19',90,5,2,140,'Port Elsie','1972-09-12 07:40:40','2020-11-27 04:27:55'),(35,'Gilda_Wilderman','1970-11-02',23,7,1,171,'Doyleside','2009-10-06 05:42:54','2020-11-27 04:27:55'),(36,'Elliott_Herman','1975-04-04',46,2,2,184,'East Trystan','1994-04-27 04:04:18','2020-11-27 04:27:55'),(37,'Laura_Ondricka','1980-03-01',58,4,1,31,'West Loraberg','1994-01-02 14:58:11','2020-11-27 04:27:55'),(38,'Lily_Ankunding','1997-09-30',51,5,1,150,'South Guadalupeland','2019-07-08 12:23:53','2020-11-27 04:27:55'),(39,'Carrie_Blick','1988-09-12',82,3,2,173,'Ortizfurt','2005-01-08 02:05:49','2020-11-27 04:27:55'),(40,'Cade_Beahan','1978-01-08',58,10,2,223,'North Allyburgh','2005-05-27 20:12:25','2020-11-27 04:27:55'),(41,'Kade_Wiza','2017-11-03',41,8,1,205,'East Emmett','2004-02-03 01:25:47','2020-11-27 04:27:55'),(42,'Raina_Feeney','1989-10-25',32,3,1,188,'West Kearamouth','2003-08-06 08:10:53','2020-11-27 04:27:55'),(43,'Pearl_Gerlach','1979-10-07',35,6,1,42,'Stacyview','1986-01-16 21:21:11','2020-11-27 04:27:55'),(44,'Freeman_Steuber','1998-06-26',79,4,2,99,'Port Felix','2004-05-19 12:56:24','2020-11-27 04:27:55'),(45,'Kiera_Kertzmann','2015-10-21',88,8,2,151,'Bartolettiland','1983-03-28 12:41:34','2020-11-27 04:27:55'),(46,'Ewell_Wehner','2005-09-10',3,10,2,219,'Port Destiney','2018-07-10 12:48:54','2020-11-27 04:27:55'),(47,'Maud_Marvin','1993-07-03',52,7,1,106,'Port Adalinemouth','1973-11-14 02:25:28','2020-11-27 04:27:55'),(48,'Pinkie_Pollich','1973-01-25',51,9,2,92,'Muhammadville','1982-08-20 14:09:10','2020-11-27 04:27:55'),(49,'Bernhard_Rolfson','2012-10-02',98,2,2,31,'Starkberg','1972-03-06 14:46:56','2020-11-27 04:27:55'),(50,'Jeffery_Connelly','1987-05-22',34,9,2,208,'Erichport','1988-12-01 23:31:20','2020-11-27 04:27:55'),(51,'Fernando_Davis','1994-02-14',79,3,2,78,'Lednerchester','2011-08-17 18:45:39','2020-11-27 04:27:55'),(52,'Jane_Jerde','2003-11-05',91,6,2,136,'Port Ana','1981-06-19 12:27:46','2020-11-27 04:27:55'),(53,'Lewis_Ullrich','1986-01-19',16,1,1,71,'North Alenaville','2014-04-06 09:41:04','2020-11-27 04:27:55'),(54,'Itzel_Kub','1995-11-03',9,8,1,136,'Smithamchester','1972-12-25 09:46:32','2020-11-27 04:27:55'),(55,'Kimberly_Flatley','2010-02-04',94,2,2,232,'South Gertrudeland','2012-03-30 23:18:29','2020-11-27 04:27:55'),(56,'Dan_Gutkowski','1974-12-13',45,5,2,18,'New Leonor','2009-03-05 13:27:39','2020-11-27 04:27:55'),(57,'Augustine_Hammes','1997-12-23',42,3,1,52,'Lake Bobbie','2003-09-07 21:07:41','2020-11-27 04:27:55'),(58,'Arlene_Runolfsdottir','1979-07-30',72,3,1,49,'Kshlerinberg','2000-04-20 06:48:39','2020-11-27 04:27:55'),(59,'Yasmin_McKenzie','2018-06-06',35,9,2,81,'Collinstown','1976-07-05 22:29:10','2020-11-27 04:27:55'),(60,'Laury_Lesch','1999-09-06',60,7,1,152,'Welchfort','1992-04-28 20:57:30','2020-11-27 04:27:55'),(61,'Else_Tromp','2007-08-05',93,9,1,174,'East Gretchenside','1991-02-17 21:05:43','2020-11-27 04:27:55'),(62,'Roma_Barton','1990-07-10',83,8,2,46,'Soledadville','1983-02-23 01:38:14','2020-11-27 04:27:55'),(63,'Jerrold_Metz','1998-09-27',38,10,1,218,'Weimannmouth','2020-01-09 02:01:56','2020-11-27 04:27:55'),(64,'Jeromy_Aufderhar','2003-10-10',38,6,1,206,'Port Uriahport','1992-04-29 04:54:28','2020-11-27 04:27:55'),(65,'Alejandra_Bartell','2018-03-25',77,4,2,114,'Heaneybury','2006-05-17 11:17:30','2020-11-27 04:27:55'),(66,'Pauline_Dibbert','1989-05-05',70,6,2,202,'West Maybelleton','1985-12-07 08:49:14','2020-11-27 04:27:55'),(67,'Karen_Friesen','2013-12-23',19,2,2,12,'Kennediville','1994-03-07 14:55:43','2020-11-27 04:27:55'),(68,'Jaquan_Crooks','1989-07-25',84,1,1,225,'Lake Maria','2012-12-27 15:57:08','2020-11-27 04:27:55'),(69,'Thad_Nienow','1979-01-07',63,2,2,99,'Efrainville','1974-06-23 10:11:31','2020-11-27 04:27:55'),(70,'Zoie_Olson','1994-07-13',63,2,2,156,'New Quincyborough','2010-12-30 01:06:03','2020-11-27 04:27:55'),(71,'Monty_Abshire','1981-12-12',26,6,2,53,'Paucekton','1991-06-30 19:56:34','2020-11-27 04:27:55'),(72,'Travis_Ryan','1993-12-16',41,2,2,235,'Boyerburgh','1973-04-04 18:45:02','2020-11-27 04:27:55'),(73,'Alfreda_Tremblay','2015-01-11',24,8,2,207,'Lake Cristian','2001-05-12 19:05:29','2020-11-27 04:27:55'),(74,'Rocky_Rohan','2008-01-02',99,1,1,221,'East Verna','1976-05-27 16:43:32','2020-11-27 04:27:55'),(75,'Lilian_Turner','2001-11-28',22,10,2,65,'Klockoborough','1979-04-13 05:18:14','2020-11-27 04:27:55'),(76,'Laurie_Schaden','1985-02-01',12,6,1,152,'Parkerland','2008-07-23 11:56:37','2020-11-27 04:27:55'),(77,'Tyreek_Veum','2014-05-18',95,6,1,33,'Lynchbury','1986-06-19 21:57:50','2020-11-27 04:27:55'),(78,'Jamie_Hintz','1990-01-12',36,9,2,144,'Donnellyland','2007-06-24 09:38:27','2020-11-27 04:27:55'),(79,'Amara_Bogan','1982-07-17',95,5,2,100,'Pourosview','2001-03-15 12:18:19','2020-11-27 04:27:55'),(80,'Winifred_Reynolds','1991-08-15',66,2,1,207,'West Ericachester','1981-06-30 20:10:22','2020-11-27 04:27:55'),(81,'Seamus_Bartell','1978-01-07',43,6,2,195,'Jamisontown','2008-03-12 04:18:46','2020-11-27 04:27:55'),(82,'Chance_Considine','1971-12-01',19,10,2,235,'Ratkebury','1985-07-26 10:51:02','2020-11-27 04:27:55'),(83,'Wava_Bartell','2002-05-31',65,1,1,95,'East Doraberg','1990-12-21 13:33:23','2020-11-27 04:27:55'),(84,'Vicente_Bruen','1981-12-17',67,6,1,167,'North Trefurt','2003-06-22 04:56:57','2020-11-27 04:27:55'),(85,'Jovani_White','1990-04-26',40,7,1,184,'Port Lillamouth','1980-11-22 02:32:08','2020-11-27 04:27:55'),(86,'Naomie_Swaniawski','1987-03-03',97,7,1,234,'Jaleelborough','2013-03-15 10:32:38','2020-11-27 04:27:55'),(87,'Antone_Larson','1996-01-18',65,4,1,159,'Wizamouth','1987-08-13 19:06:26','2020-11-27 04:27:55'),(88,'Dikayla_Quitzon','2020-11-17',34,6,1,152,'West Kody','2008-09-13 12:28:43','2020-11-27 04:27:55'),(89,'Dante_Runolfsson','1991-05-11',75,1,2,73,'Lake Perry','2004-05-29 19:19:35','2020-11-27 04:27:55'),(90,'Nikita_Morissette','1999-07-05',70,8,2,178,'Sidneyfort','2014-10-01 05:30:46','2020-11-27 04:27:55'),(91,'Coby_Walter','2007-04-10',26,3,2,208,'West Carmellafurt','1985-01-15 18:57:50','2020-11-27 04:27:55'),(92,'Gunner_Pfannerstill','1989-02-07',18,8,1,103,'Port Florine','1996-12-29 00:11:47','2020-11-27 04:27:55'),(93,'Eloise_Kihn','1986-05-26',14,4,2,19,'Teresaton','1970-05-01 16:32:05','2020-11-27 04:27:55'),(94,'Damian_Boyle','2010-02-07',14,9,2,61,'Ottiliebury','1981-05-29 00:56:21','2020-11-27 04:27:55'),(95,'Fern_Wisozk','2006-12-13',26,8,1,188,'Bayleeburgh','1996-09-28 16:14:28','2020-11-27 04:27:55'),(96,'Leila_Deckow','1980-04-28',88,1,1,241,'Danielchester','1987-04-30 19:33:44','2020-11-27 04:27:55'),(97,'Corene_Gorczany','1993-01-06',63,9,1,77,'Ullrichhaven','2013-09-02 12:53:05','2020-11-27 04:27:55'),(98,'Daisha_Jones','1984-04-02',48,3,1,209,'New Blakeport','2018-04-27 09:31:29','2020-11-27 04:27:55'),(99,'Twila_Hodkiewicz','1973-09-20',52,9,1,12,'Port Aracelyburgh','1994-03-12 23:30:51','2020-11-27 04:27:55'),(100,'Trent_Hilll','2017-11-27',16,3,2,52,'East Keagan','2018-02-06 21:50:09','2020-11-27 04:27:55');
/*!40000 ALTER TABLE `profiles` ENABLE KEYS */;
UNLOCK TABLES;

--
-- Table structure for table `user_statuses`
--

DROP TABLE IF EXISTS `user_statuses`;
/*!40101 SET @saved_cs_client     = @@character_set_client */;
/*!40101 SET character_set_client = utf8 */;
CREATE TABLE `user_statuses` (
  `id` bigint unsigned NOT NULL AUTO_INCREMENT COMMENT 'Идентификатор строки',
  `name` varchar(100) NOT NULL COMMENT 'Название статуса (уникально)',
  `created_at` datetime NOT NULL DEFAULT CURRENT_TIMESTAMP COMMENT 'Время создания строки',
  `updated_at` datetime DEFAULT CURRENT_TIMESTAMP ON UPDATE CURRENT_TIMESTAMP COMMENT 'Время обновления строки',
  PRIMARY KEY (`id`),
  UNIQUE KEY `id` (`id`)
) ENGINE=InnoDB AUTO_INCREMENT=11 DEFAULT CHARSET=utf8mb4 COLLATE=utf8mb4_0900_ai_ci COMMENT='Справочник статусов пользователей';
/*!40101 SET character_set_client = @saved_cs_client */;

--
-- Dumping data for table `user_statuses`
--

LOCK TABLES `user_statuses` WRITE;
/*!40000 ALTER TABLE `user_statuses` DISABLE KEYS */;
INSERT INTO `user_statuses` VALUES (1,'Libero dolor saepe vitae dolor culpa.','1978-08-04 20:13:23','1973-09-29 18:09:22'),(2,'Rem molestias omnis eligendi.','1992-08-18 17:15:52','1977-08-20 13:53:42'),(3,'Non soluta ducimus et quod et doloribus.','1979-04-21 07:59:48','1976-10-31 09:01:10'),(4,'Ut sit aliquam voluptatem molestiae.','1989-02-19 19:02:16','1975-05-01 17:51:01'),(5,'Neque aut odit ea dolorum iste harum dolore.','1977-07-22 09:57:13','1978-05-20 16:25:45'),(6,'Aspernatur dicta doloremque ducimus omnis ab vel pariatur.','1986-04-01 03:18:39','1988-07-25 15:37:59'),(7,'Enim qui impedit id rerum labore.','1972-08-25 23:20:13','2012-10-25 05:56:50'),(8,'Ea voluptas sit mollitia id.','1994-03-26 00:56:21','1988-02-25 17:34:11'),(9,'Sequi quos voluptate et ullam voluptatibus repellat cupiditate eos.','1982-04-16 12:05:03','1981-04-28 23:55:14'),(10,'Cupiditate fugiat vero ea perferendis et explicabo.','1976-05-17 22:03:05','1979-10-30 06:52:07');
/*!40000 ALTER TABLE `user_statuses` ENABLE KEYS */;
UNLOCK TABLES;

--
-- Table structure for table `users`
--

DROP TABLE IF EXISTS `users`;
/*!40101 SET @saved_cs_client     = @@character_set_client */;
/*!40101 SET character_set_client = utf8 */;
CREATE TABLE `users` (
  `id` int unsigned NOT NULL AUTO_INCREMENT COMMENT 'Идентификатор строки',
  `first_name` varchar(100) CHARACTER SET utf8 COLLATE utf8_unicode_ci NOT NULL COMMENT 'Имя пользователя',
  `last_name` varchar(100) CHARACTER SET utf8 COLLATE utf8_unicode_ci NOT NULL COMMENT 'Фамилия пользователя',
  `email` varchar(100) CHARACTER SET utf8 COLLATE utf8_unicode_ci NOT NULL COMMENT 'Почта',
  `phone` varchar(100) CHARACTER SET utf8 COLLATE utf8_unicode_ci NOT NULL COMMENT 'Телефон',
  `is_online` tinyint(1) DEFAULT NULL COMMENT 'Статус текущей активности',
  `created_at` datetime DEFAULT CURRENT_TIMESTAMP COMMENT 'Время создания строки',
  `updated_at` datetime DEFAULT CURRENT_TIMESTAMP ON UPDATE CURRENT_TIMESTAMP COMMENT 'Время обновления строки',
  `last_visited_at` datetime DEFAULT CURRENT_TIMESTAMP COMMENT 'Время последней активности',
  PRIMARY KEY (`id`),
  UNIQUE KEY `email` (`email`),
  UNIQUE KEY `phone` (`phone`)
) ENGINE=InnoDB AUTO_INCREMENT=101 DEFAULT CHARSET=utf8 COLLATE=utf8_unicode_ci COMMENT='Пользователи';
/*!40101 SET character_set_client = @saved_cs_client */;

--
-- Dumping data for table `users`
--

LOCK TABLES `users` WRITE;
/*!40000 ALTER TABLE `users` DISABLE KEYS */;
INSERT INTO `users` VALUES (1,'Germaine','Aufderhar','beulah.kuhic@example.com','1-027-795-1738x8713',NULL,'2020-11-27 17:46:32','2020-11-27 17:46:32','2020-11-27 02:54:22'),(2,'Margot','Wolf','lyda57@example.net','(434)323-7746x46628',NULL,'2020-11-27 17:46:32','2020-11-27 17:46:32','2020-11-27 02:54:22'),(3,'Rosalia','Rodriguez','mwitting@example.com','(390)664-4595',NULL,'2020-11-27 17:46:32','2020-11-27 17:46:32','2020-11-27 02:54:22'),(4,'Myriam','Quitzon','espencer@example.org','032-918-2813',NULL,'2020-11-27 17:46:32','2020-11-27 17:46:32','2020-11-27 02:54:22'),(5,'Florida','Smith','marlee60@example.com','1-311-372-9365',NULL,'2020-11-27 17:46:32','2020-11-27 17:46:32','2020-11-27 02:54:22'),(6,'Deron','Wintheiser','ajakubowski@example.com','(901)818-9346x6620',NULL,'2020-11-27 17:46:32','2020-11-27 17:46:32','2020-11-27 02:54:22'),(7,'Mattie','Will','gutkowski.margaret@example.com','06813557645',NULL,'2020-11-27 17:46:32','2020-11-27 17:46:32','2020-11-27 02:54:22'),(8,'Duncan','Howe','tiffany38@example.net','933.424.0597',NULL,'2020-11-27 17:46:32','2020-11-27 17:46:32','2020-11-27 02:54:22'),(9,'Reba','Emard','mckayla.murazik@example.net','682-998-7287',NULL,'2020-11-27 17:46:32','2020-11-27 17:46:32','2020-11-27 02:54:22'),(10,'Freeman','Mitchell','tschmidt@example.net','(421)939-9050x074',NULL,'2020-11-27 17:46:32','2020-11-27 17:46:32','2020-11-27 02:54:22'),(11,'Alek','Schuster','amparo.heathcote@example.net','860-555-9504x1856',NULL,'2020-11-27 17:46:32','2020-11-27 17:46:32','2020-11-27 02:54:22'),(12,'Henderson','Brown','vada.o\'reilly@example.com','(829)244-8816x298',NULL,'2020-11-27 17:46:32','2020-11-27 17:46:32','2020-11-27 02:54:22'),(13,'Fannie','Reynolds','destiny.nitzsche@example.org','00091865645',NULL,'2020-11-27 17:46:32','2020-11-27 17:46:32','2020-11-27 02:54:22'),(14,'Clementina','Harvey','daniela86@example.com','(436)437-3703',NULL,'2020-11-27 17:46:32','2020-11-27 17:46:32','2020-11-27 02:54:22'),(15,'Waldo','Koch','teffertz@example.org','007-342-4693x314',NULL,'2020-11-27 17:46:32','2020-11-27 17:46:32','2020-11-27 02:54:22'),(16,'Chester','Franecki','kris.hallie@example.net','823-685-2042',NULL,'2020-11-27 17:46:32','2020-11-27 17:46:32','2020-11-27 02:54:22'),(17,'Kasandra','Wisozk','laney56@example.net','001-487-2121',NULL,'2020-11-27 17:46:32','2020-11-27 17:46:32','2020-11-27 02:54:22'),(18,'Augustine','Greenholt','waters.hannah@example.net','060-860-3727',NULL,'2020-11-27 17:46:32','2020-11-27 17:46:32','2020-11-27 02:54:22'),(19,'Bernice','Keeling','greenfelder.eva@example.org','827.327.2597x0583',NULL,'2020-11-27 17:46:32','2020-11-27 17:46:32','2020-11-27 02:54:22'),(20,'Leonor','Zboncak','pgaylord@example.net','899.010.8832',NULL,'2020-11-27 17:46:32','2020-11-27 17:46:32','2020-11-27 02:54:22'),(21,'Arthur','Weimann','marielle.tremblay@example.com','1-786-221-7983x873',NULL,'2020-11-27 17:46:32','2020-11-27 17:46:32','2020-11-27 02:54:22'),(22,'Alyson','Nader','aimee79@example.net','1-370-414-2487x75534',NULL,'2020-11-27 17:46:32','2020-11-27 17:46:32','2020-11-27 02:54:22'),(23,'Nolan','Quigley','luisa.weber@example.net','281-460-6765',NULL,'2020-11-27 17:46:32','2020-11-27 17:46:32','2020-11-27 02:54:22'),(24,'Wilburn','Gleichner','keebler.melody@example.com','190.405.3661x722',NULL,'2020-11-27 17:46:32','2020-11-27 17:46:32','2020-11-27 02:54:22'),(25,'Mary','Robel','bertram.rohan@example.net','(648)720-2873x856',NULL,'2020-11-27 17:46:32','2020-11-27 17:46:32','2020-11-27 02:54:22'),(26,'Mariam','Metz','margot.wolf@example.org','884-395-1317',NULL,'2020-11-27 17:46:32','2020-11-27 17:46:32','2020-11-27 02:54:22'),(27,'Cheyanne','Schuppe','hailee84@example.com','(285)417-5096',NULL,'2020-11-27 17:46:32','2020-11-27 17:46:32','2020-11-27 02:54:22'),(28,'Rafaela','Kris','carlie.gleason@example.net','1-943-552-4560x0753',NULL,'2020-11-27 17:46:32','2020-11-27 17:46:32','2020-11-27 02:54:22'),(29,'Euna','Schaefer','jay14@example.net','1-451-679-0054',NULL,'2020-11-27 17:46:32','2020-11-27 17:46:32','2020-11-27 02:54:22'),(30,'Lea','Lueilwitz','johnston.jettie@example.org','(372)701-8464x156',NULL,'2020-11-27 17:46:32','2020-11-27 17:46:32','2020-11-27 02:54:22'),(31,'Aileen','Koelpin','callie03@example.org','322.815.4587',NULL,'2020-11-27 17:46:32','2020-11-27 17:46:32','2020-11-27 02:54:22'),(32,'Khalil','Labadie','reina.purdy@example.net','527.519.4872',NULL,'2020-11-27 17:46:32','2020-11-27 17:46:32','2020-11-27 02:54:22'),(33,'Gia','Gottlieb','bmacejkovic@example.com','(294)651-4332',NULL,'2020-11-27 17:46:32','2020-11-27 17:46:32','2020-11-27 02:54:22'),(34,'Bell','Greenholt','donnie11@example.com','(450)641-6627',NULL,'2020-11-27 17:46:32','2020-11-27 17:46:32','2020-11-27 02:54:22'),(35,'Gilda','Wilderman','green.wolf@example.net','393.061.2008',NULL,'2020-11-27 17:46:32','2020-11-27 17:46:32','2020-11-27 02:54:22'),(36,'Elliott','Herman','llemke@example.org','247.582.2416x21640',NULL,'2020-11-27 17:46:32','2020-11-27 17:46:32','2020-11-27 02:54:22'),(37,'Laura','Ondricka','owen.wiza@example.org','1-539-537-5240x5405',NULL,'2020-11-27 17:46:32','2020-11-27 17:46:32','2020-11-27 02:54:22'),(38,'Lily','Ankunding','shanon99@example.org','(494)618-0501x284',NULL,'2020-11-27 17:46:32','2020-11-27 17:46:32','2020-11-27 02:54:22'),(39,'Carrie','Blick','rogahn.addison@example.org','799.762.7307x446',NULL,'2020-11-27 17:46:32','2020-11-27 17:46:32','2020-11-27 02:54:22'),(40,'Cade','Beahan','marilie.greenholt@example.net','278.468.6770x97763',NULL,'2020-11-27 17:46:32','2020-11-27 17:46:32','2020-11-27 02:54:22'),(41,'Kade','Wiza','erdman.fiona@example.org','366-868-7634',NULL,'2020-11-27 17:46:32','2020-11-27 17:46:32','2020-11-27 02:54:22'),(42,'Raina','Feeney','darrell.murray@example.net','(149)418-2515x2514',NULL,'2020-11-27 17:46:32','2020-11-27 17:46:32','2020-11-27 02:54:22'),(43,'Pearl','Gerlach','carey85@example.org','569-636-4528x97680',NULL,'2020-11-27 17:46:32','2020-11-27 17:46:32','2020-11-27 02:54:22'),(44,'Freeman','Steuber','florence03@example.net','548-917-6599',NULL,'2020-11-27 17:46:32','2020-11-27 17:46:32','2020-11-27 02:54:22'),(45,'Kiera','Kertzmann','vinnie.koepp@example.org','835-837-5955',NULL,'2020-11-27 17:46:32','2020-11-27 17:46:32','2020-11-27 02:54:22'),(46,'Ewell','Wehner','vicente.blick@example.net','(983)316-0411',NULL,'2020-11-27 17:46:32','2020-11-27 17:46:32','2020-11-27 02:54:22'),(47,'Maud','Marvin','wbauch@example.net','1-462-305-2572x246',NULL,'2020-11-27 17:46:32','2020-11-27 17:46:32','2020-11-27 02:54:22'),(48,'Pinkie','Pollich','arnold.cronin@example.com','442-628-9127x431',NULL,'2020-11-27 17:46:32','2020-11-27 17:46:32','2020-11-27 02:54:22'),(49,'Bernhard','Rolfson','rgaylord@example.net','06131307500',NULL,'2020-11-27 17:46:32','2020-11-27 17:46:32','2020-11-27 02:54:22'),(50,'Jeffery','Connelly','rgoldner@example.net','090-630-5855x1789',NULL,'2020-11-27 17:46:32','2020-11-27 17:46:32','2020-11-27 02:54:22'),(51,'Fernando','Davis','audie73@example.com','1-400-383-3902x5112',NULL,'2020-11-27 17:46:32','2020-11-27 17:46:32','2020-11-27 02:54:22'),(52,'Jane','Jerde','waters.myrtice@example.net','1-759-765-3795x912',NULL,'2020-11-27 17:46:32','2020-11-27 17:46:32','2020-11-27 02:54:22'),(53,'Lewis','Ullrich','jdenesik@example.com','370-595-3604x614',NULL,'2020-11-27 17:46:32','2020-11-27 17:46:32','2020-11-27 02:54:22'),(54,'Itzel','Kub','pankunding@example.org','267-859-0414x8464',NULL,'2020-11-27 17:46:32','2020-11-27 17:46:32','2020-11-27 02:54:22'),(55,'Kimberly','Flatley','xavier75@example.org','1-444-604-4306',NULL,'2020-11-27 17:46:32','2020-11-27 17:46:32','2020-11-27 02:54:22'),(56,'Dan','Gutkowski','clemmie.will@example.net','(323)678-1882x032',NULL,'2020-11-27 17:46:32','2020-11-27 17:46:32','2020-11-27 02:54:22'),(57,'Augustine','Hammes','kaia61@example.net','970.372.9436',NULL,'2020-11-27 17:46:32','2020-11-27 17:46:32','2020-11-27 02:54:22'),(58,'Arlene','Runolfsdottir','ali60@example.org','315-744-1789x783',NULL,'2020-11-27 17:46:32','2020-11-27 17:46:32','2020-11-27 02:54:22'),(59,'Yasmin','McKenzie','alec72@example.org','110-949-1887x822',NULL,'2020-11-27 17:46:32','2020-11-27 17:46:32','2020-11-27 02:54:22'),(60,'Laury','Lesch','pcrooks@example.org','548-586-7480x821',NULL,'2020-11-27 17:46:32','2020-11-27 17:46:32','2020-11-27 02:54:22'),(61,'Else','Tromp','hfisher@example.com','764.630.2987',NULL,'2020-11-27 17:46:32','2020-11-27 17:46:32','2020-11-27 02:54:22'),(62,'Roma','Barton','charlotte.nitzsche@example.org','457.704.4653x22914',NULL,'2020-11-27 17:46:32','2020-11-27 17:46:32','2020-11-27 02:54:22'),(63,'Jerrold','Metz','desmond.huels@example.net','397.195.0152x825',NULL,'2020-11-27 17:46:32','2020-11-27 17:46:32','2020-11-27 02:54:22'),(64,'Jeromy','Aufderhar','ebert.salvador@example.org','(724)484-2116',NULL,'2020-11-27 17:46:32','2020-11-27 17:46:32','2020-11-27 02:54:22'),(65,'Alejandra','Bartell','alverta.moore@example.com','1-562-888-2478x875',NULL,'2020-11-27 17:46:32','2020-11-27 17:46:32','2020-11-27 02:54:22'),(66,'Pauline','Dibbert','barrows.kendall@example.net','(169)566-3747x7471',NULL,'2020-11-27 17:46:32','2020-11-27 17:46:32','2020-11-27 02:54:22'),(67,'Karen','Friesen','schuster.gracie@example.net','(562)937-4332x57444',NULL,'2020-11-27 17:46:32','2020-11-27 17:46:32','2020-11-27 02:54:22'),(68,'Jaquan','Crooks','rosenbaum.rosalinda@example.org','1-517-212-2658',NULL,'2020-11-27 17:46:32','2020-11-27 17:46:32','2020-11-27 02:54:22'),(69,'Thad','Nienow','jaylin66@example.net','+81(3)0873960243',NULL,'2020-11-27 17:46:32','2020-11-27 17:46:32','2020-11-27 02:54:22'),(70,'Zoie','Olson','vconroy@example.net','05981257750',NULL,'2020-11-27 17:46:32','2020-11-27 17:46:32','2020-11-27 02:54:22'),(71,'Monty','Abshire','fhammes@example.net','210-650-2896',NULL,'2020-11-27 17:46:32','2020-11-27 17:46:32','2020-11-27 02:54:22'),(72,'Travis','Ryan','burley52@example.net','807.506.4340x069',NULL,'2020-11-27 17:46:32','2020-11-27 17:46:32','2020-11-27 02:54:22'),(73,'Alfreda','Tremblay','johns.imogene@example.org','(207)791-1095',NULL,'2020-11-27 17:46:32','2020-11-27 17:46:32','2020-11-27 02:54:22'),(74,'Rocky','Rohan','mheathcote@example.net','1-495-188-3030',NULL,'2020-11-27 17:46:32','2020-11-27 17:46:32','2020-11-27 02:54:22'),(75,'Lilian','Turner','corwin.lonie@example.com','1-877-970-7773x32287',NULL,'2020-11-27 17:46:32','2020-11-27 17:46:32','2020-11-27 02:54:22'),(76,'Laurie','Schaden','agnes.rempel@example.net','269.354.2845',NULL,'2020-11-27 17:46:32','2020-11-27 17:46:32','2020-11-27 02:54:22'),(77,'Tyreek','Veum','kelvin18@example.com','1-388-744-5465x093',NULL,'2020-11-27 17:46:32','2020-11-27 17:46:32','2020-11-27 02:54:22'),(78,'Jamie','Hintz','reinhold.stiedemann@example.org','+13(8)5267700823',NULL,'2020-11-27 17:46:32','2020-11-27 17:46:32','2020-11-27 02:54:22'),(79,'Amara','Bogan','tara67@example.com','(486)641-8290x0289',NULL,'2020-11-27 17:46:32','2020-11-27 17:46:32','2020-11-27 02:54:22'),(80,'Winifred','Reynolds','vandervort.ransom@example.com','574-889-3521x0504',NULL,'2020-11-27 17:46:32','2020-11-27 17:46:32','2020-11-27 02:54:22'),(81,'Seamus','Bartell','gerlach.paul@example.com','00824336063',NULL,'2020-11-27 17:46:32','2020-11-27 17:46:32','2020-11-27 02:54:22'),(82,'Chance','Considine','haag.buford@example.org','939-170-7357',NULL,'2020-11-27 17:46:32','2020-11-27 17:46:32','2020-11-27 02:54:22'),(83,'Wava','Bartell','parisian.hailey@example.net','(837)725-3899x61407',NULL,'2020-11-27 17:46:32','2020-11-27 17:46:32','2020-11-27 02:54:22'),(84,'Vicente','Bruen','kshlerin.leonardo@example.org','990-863-8556x533',NULL,'2020-11-27 17:46:32','2020-11-27 17:46:32','2020-11-27 02:54:22'),(85,'Jovani','White','althea.treutel@example.com','(114)498-2902',NULL,'2020-11-27 17:46:32','2020-11-27 17:46:32','2020-11-27 02:54:22'),(86,'Naomie','Swaniawski','kzboncak@example.net','353.721.5204x8668',NULL,'2020-11-27 17:46:32','2020-11-27 17:46:32','2020-11-27 02:54:22'),(87,'Antone','Larson','bradford71@example.org','07843631219',NULL,'2020-11-27 17:46:32','2020-11-27 17:46:32','2020-11-27 02:54:22'),(88,'Dikayla','Quitzon','heather.hartmann@example.net','(413)804-4883x95691',NULL,'2020-11-27 17:46:32','2020-11-27 17:46:32','2020-11-27 02:54:22'),(89,'Dante','Runolfsson','goyette.neoma@example.net','994.916.5529x78944',NULL,'2020-11-27 17:46:32','2020-11-27 17:46:32','2020-11-27 02:54:22'),(90,'Nikita','Morissette','lorena.fay@example.com','813.404.5330x2466',NULL,'2020-11-27 17:46:32','2020-11-27 17:46:32','2020-11-27 02:54:22'),(91,'Coby','Walter','mazie05@example.com','579-709-5648x405',NULL,'2020-11-27 17:46:32','2020-11-27 17:46:32','2020-11-27 02:54:22'),(92,'Gunner','Pfannerstill','nathen.stanton@example.org','(575)261-4689x226',NULL,'2020-11-27 17:46:32','2020-11-27 17:46:32','2020-11-27 02:54:22'),(93,'Eloise','Kihn','rosalee.hudson@example.org','06765710181',NULL,'2020-11-27 17:46:32','2020-11-27 17:46:32','2020-11-27 02:54:22'),(94,'Damian','Boyle','bfay@example.com','1-090-535-8036x501',NULL,'2020-11-27 17:46:32','2020-11-27 17:46:32','2020-11-27 02:54:22'),(95,'Fern','Wisozk','zoila22@example.org','710-645-9034',NULL,'2020-11-27 17:46:32','2020-11-27 17:46:32','2020-11-27 02:54:22'),(96,'Leila','Deckow','jamey.kessler@example.com','061.870.6899x2587',NULL,'2020-11-27 17:46:32','2020-11-27 17:46:32','2020-11-27 02:54:22'),(97,'Corene','Gorczany','crona.eliza@example.net','(170)387-0701',NULL,'2020-11-27 17:46:32','2020-11-27 17:46:32','2020-11-27 02:54:22'),(98,'Daisha','Jones','clifford.legros@example.com','(620)995-4786x962',NULL,'2020-11-27 17:46:32','2020-11-27 17:46:32','2020-11-27 02:54:22'),(99,'Twila','Hodkiewicz','simonis.robert@example.org','(779)058-4316x53939',NULL,'2020-11-27 17:46:32','2020-11-27 17:46:32','2020-11-27 02:54:22'),(100,'Trent','Hilll','griffin60@example.com','00062082717',NULL,'2020-11-27 17:46:32','2020-11-27 17:46:32','2020-11-27 02:54:22');
/*!40000 ALTER TABLE `users` ENABLE KEYS */;
UNLOCK TABLES;

--
-- Table structure for table `users_media`
--

DROP TABLE IF EXISTS `users_media`;
/*!40101 SET @saved_cs_client     = @@character_set_client */;
/*!40101 SET character_set_client = utf8 */;
CREATE TABLE `users_media` (
  `user_id` int unsigned NOT NULL COMMENT 'Ссылка на пользователя',
  `media_id` int unsigned NOT NULL COMMENT 'Ссылка на медиа-файл',
  `is_photo` tinyint(1) NOT NULL DEFAULT '0' COMMENT 'Данный файл является аватаром',
  PRIMARY KEY (`user_id`,`media_id`) COMMENT 'Составной первичный ключ'
) ENGINE=InnoDB DEFAULT CHARSET=utf8mb4 COLLATE=utf8mb4_0900_ai_ci COMMENT='Принадлежность файла пользователю';
/*!40101 SET character_set_client = @saved_cs_client */;

--
-- Dumping data for table `users_media`
--

LOCK TABLES `users_media` WRITE;
/*!40000 ALTER TABLE `users_media` DISABLE KEYS */;
/*!40000 ALTER TABLE `users_media` ENABLE KEYS */;
UNLOCK TABLES;

--
-- Dumping routines for database 'vk'
--
/*!40103 SET TIME_ZONE=@OLD_TIME_ZONE */;

/*!40101 SET SQL_MODE=@OLD_SQL_MODE */;
/*!40014 SET FOREIGN_KEY_CHECKS=@OLD_FOREIGN_KEY_CHECKS */;
/*!40014 SET UNIQUE_CHECKS=@OLD_UNIQUE_CHECKS */;
/*!40101 SET CHARACTER_SET_CLIENT=@OLD_CHARACTER_SET_CLIENT */;
/*!40101 SET CHARACTER_SET_RESULTS=@OLD_CHARACTER_SET_RESULTS */;
/*!40101 SET COLLATION_CONNECTION=@OLD_COLLATION_CONNECTION */;
/*!40111 SET SQL_NOTES=@OLD_SQL_NOTES */;

-- Dump completed on 2020-11-27 19:18:32
